date,log_return
2021-08-02,0.0098787779148388
2021-08-03,-0.0116159981877009
2021-08-04,0.0407751658620318
2021-08-05,0.0148554684521838
2021-08-06,0.0271771460532842
2021-08-07,0.0514356220328244
2021-08-08,-0.0462189233709858
2021-08-09,0.0346690365207095
2021-08-10,0.0486162202153752
2021-08-11,0.0618621804793034
2021-08-12,-0.0160578264392387
2021-08-13,0.0891774746992782
2021-08-14,0.0357608191889924
2021-08-15,0.0438610405545062
2021-08-16,-0.0247230423565507
2021-08-17,-0.0483976242571637
2021-08-18,0.0375005582104472
2021-08-19,0.0654459864760783
2021-08-20,0.0326625321916474
2021-08-21,-0.0013147582793379
2021-08-22,0.0191067938490859
2021-08-23,0.0343401376809389
2021-08-24,-0.0803027628581879
2021-08-25,0.0440808200557872
2021-08-26,-0.0685881801938387
2021-08-27,0.0972117519905906
2021-08-28,0.0048158102604632
2021-08-29,0.0223928908082181
2021-08-30,-0.0071589946078924
2021-08-31,0.0224408587697495
2021-09-01,0.0726805699357608
2021-09-02,0.0309525684983961
2021-09-03,0.0258407517728259
2021-09-04,0.0149644809878038
2021-09-05,0.0535418012747634
2021-09-06,0.0054503140043297
2021-09-07,-0.1565971004797702
2021-09-08,0.0135692348788012
2021-09-09,0.011595957870997
2021-09-10,-0.0356625380984149
2021-09-11,0.0329055387728925
2021-09-12,0.0180420710379402
2021-09-13,-0.0583245567471551
2021-09-14,0.0139982688108658
2021-09-15,0.0420484844003639
2021-09-16,-0.0085390652478881
2021-09-17,-0.0196554085362513
2021-09-18,0.0197582377698651
2021-09-19,-0.0352246408548981
2021-09-20,-0.1285824981027052
2021-09-21,-0.0522893193084413
2021-09-22,0.1321077363132759
2021-09-23,0.0157883028808954
2021-09-24,-0.0776261787228649
2021-09-25,-0.0164513079631323
2021-09-26,-0.0128156625479675
2021-09-27,-0.0171533646446675
2021-09-28,-0.0409233235796997
2021-09-29,0.0244374200869374
2021-09-30,0.0463580841041685
2021-10-01,0.1067700111602108
2021-10-02,0.0105248496032151
2021-10-03,0.0098744152767764
2021-10-04,-0.0039085607622751
2021-10-05,0.0201334220503461
2021-10-06,-0.0186732148406841
2021-10-07,0.0087303005344085
2021-10-08,-0.0088825089978434
2021-10-09,0.0336037956285592
2021-10-10,-0.0467669427229165
2021-10-11,-0.0006906900554154
2021-10-12,0.0083446268693712
2021-10-13,0.0262448705737722
2021-10-14,0.0164451308629421
2021-10-15,0.0008843024763776
2021-10-16,-0.0051157583892787
2021-10-17,0.0056891006800649
2021-10-18,0.0148351643959807
2021-10-19,0.0067629691810535
2021-10-20,0.0513225024212079
2021-10-21,-0.0097414348689138
2021-10-22,0.0020555502295517
2021-10-23,0.0196625503422982
2021-10-24,0.0063238772116526
2021-10-25,0.0378535406781508
2021-10-26,-0.0036003757279498
2021-10-27,-0.0993202285001754
2021-10-28,0.0855470301095296
2021-10-29,0.0199345873219302
2021-10-30,-0.0397796856694174
2021-10-31,0.0089444335767333
2021-11-01,0.0005631426912389
2021-11-02,0.049137006672837
2021-11-03,0.0237156165886094
2021-11-04,-0.0043471153842873
2021-11-05,0.0049471263588056
2021-11-06,0.0171576029145133
2021-11-07,0.0190419275056896
2021-11-08,0.0336101535832289
2021-11-09,-0.0031337661420257
2021-11-10,-0.0558413019692487
2021-11-11,0.02507254538213
2021-11-12,-0.0233949036244972
2021-11-13,0.0307259646959493
2021-11-14,-0.0046500863224064
2021-11-15,-0.0088702705260478
2021-11-16,-0.0493322839912908
2021-11-17,0.0302273409362254
2021-11-18,-0.0728135438547594
2021-11-19,0.0740943058410776
2021-11-20,0.0222422891017881
2021-11-21,-0.019549680039233
2021-11-22,-0.0061226988755271
2021-11-23,0.0118841969768
2021-11-24,-0.0233331082065948
2021-11-25,0.036858424605268
2021-11-26,-0.1022354210374971
2021-11-27,0.0282426277750885
2021-11-28,0.0204470569355155
2021-11-29,0.0324812077999033
2021-11-30,0.0050462766173888
2021-12-01,-0.003349549222351
2021-12-02,-0.0370125108842037
2021-12-03,-0.025849445557583
2021-12-04,-0.0879770567654376
2021-12-05,-0.0412472367987724
2021-12-06,0.0219385575953407
2021-12-07,-0.0157404517541344
2021-12-08,0.0516689297688341
2021-12-09,-0.0659246487895463
2021-12-10,-0.0476733596776014
2021-12-11,0.060230340859134
2021-12-12,0.0139961891916966
2021-12-13,-0.1224448670342049
2021-12-14,0.0374630170196826
2021-12-15,0.0613024477814629
2021-12-16,-0.0301364079011518
2021-12-17,-0.0199920412080547
2021-12-18,0.0238091377531116
2021-12-19,-0.0099274086516253
2021-12-20,-0.0079971587296564
2021-12-21,0.0674664624018261
2021-12-22,0.0214891414548208
2021-12-23,0.0982921253911514
2021-12-24,-0.0126647823931726
2021-12-25,0.0274546163118266
2021-12-26,0.0147488704879962
2021-12-27,-0.0010366442971026
2021-12-28,-0.0967444414957347
2021-12-29,-0.0082083650745175
2021-12-30,0.0194481974054332
2021-12-31,-0.0066045665908182
2022-01-01,0.0280317267495195
2022-01-02,-0.0022751494080221
2022-01-03,-0.012231705651714
2022-01-04,-0.0190972740242309
2022-01-05,-0.0685052927173822
2022-01-06,-0.0009432760076029
2022-01-07,-0.0629639709211717
2022-01-08,-0.0348936547239645
2022-01-09,0.013854321816662
2022-01-10,-0.0245959738015747
2022-01-11,0.0614685648022677
2022-01-12,0.0599958527017496
2022-01-13,-0.028830692452885
2022-01-14,0.0207052386431175
2022-01-15,0.0031255691935913
2022-01-16,0.0028493484443933
2022-01-17,-0.0557794823467052
2022-01-18,-0.0027124783725132
2022-01-19,-0.0474360530512729
2022-01-20,-0.0465478193875476
2022-01-21,-0.1519541269603478
2022-01-22,-0.1057030652255212
2022-01-23,0.0572351984700132
2022-01-24,-0.0518749861781836
2022-01-25,0.0323438172602771
2022-01-26,-0.0144021272944511
2022-01-27,0.0012892469338079
2022-01-28,0.0213782636334568
2022-01-29,0.038483929445762
2022-01-30,-0.0223807744390893
2022-01-31,0.0313687687719193
2022-02-01,0.021273468598399
2022-02-02,-0.0517122549876884
2022-02-03,0.0197125910429995
2022-02-04,0.0925669379452271
2022-02-05,0.050672343181876
2022-02-06,0.0613191560369375
2022-02-07,0.0465312192846991
2022-02-08,-0.0034732237078562
2022-02-09,0.0174774136859927
2022-02-10,-0.0553529032784849
2022-02-11,-0.0640650694936259
2022-02-12,0.0011943318041118
2022-02-13,-0.0246691062656803
2022-02-14,0.0144862597454012
2022-02-15,0.0868859280335875
2022-02-16,-0.0215594629585376
2022-02-17,-0.0840394893176311
2022-02-18,-0.0265832229423246
2022-02-19,-0.0033624012390299
2022-02-20,-0.0649524427109834
2022-02-21,-0.0726112555908283
2022-02-22,0.0497334772788161
2022-02-23,-0.0366480132787878
2022-02-24,0.0087659886813316
2022-02-25,0.0543892015677814
2022-02-26,-0.0060723969061413
2022-02-27,-0.0557516241732222
2022-02-28,0.1185379780011169
2022-03-01,0.0382822801635678
2022-03-02,-0.0179063561450809
2022-03-03,-0.0089788995328307
2022-03-04,-0.0545818306593836
2022-03-05,0.0227950554607709
2022-03-06,-0.0443662703164383
2022-03-07,-0.0099940503822995
2022-03-08,0.0119272448727085
2022-03-09,0.0541943481685443
2022-03-10,-0.0411254404562789
2022-03-11,-0.0106407560507727
2022-03-12,0.0017181762577398
2022-03-13,-0.0243293936365969
2022-03-14,0.0168920945564717
2022-03-15,-0.0115465476378738
2022-03-16,0.0614762755861548
2022-03-17,-0.0072818734246136
2022-03-18,0.0148315072541431
2022-03-19,0.025915635982148
2022-03-20,-0.0282919097906046
2022-03-21,0.007584243947877
2022-03-22,0.0144240734499812
2022-03-23,0.0260159643510723
2022-03-24,0.0254696633228014
2022-03-25,-0.0178449490474305
2022-03-26,0.0153003329671987
2022-03-27,0.0365447337908652
2022-03-28,-0.0084271572339832
2022-03-29,0.019531786095945
2022-03-30,0.0019217363695317
2022-03-31,-0.0338535767265934
2022-04-01,0.0342126558376829
2022-04-02,-0.0125901000289852
2022-04-03,0.027641058230866
2022-04-04,-0.0166295734625945
2022-04-05,-0.0229058999159286
2022-04-06,-0.0702575102587609
2022-04-07,0.0396984081838871
2022-04-08,-0.0326593523648544
2022-04-09,0.0223327033749164
2022-04-10,-0.0305915502389611
2022-04-11,-0.066166932250464
2022-04-12,0.0615061147915679
2022-04-13,0.0207709792583947
2022-04-14,-0.0315343779002474
2022-04-15,0.0053886070372795
2022-04-16,-0.0032396335618245
2022-04-17,-0.0320018627422561
2022-04-18,0.033466964751319
2022-04-19,0.0212327328240655
2022-04-20,-0.0164301515495074
2022-04-21,-0.0175625140221912
2022-04-22,-0.0067137024729194
2022-04-23,-0.0124003435322884
2022-04-24,-0.0002052119485033
2022-04-25,-0.0001097952869722
2022-04-26,-0.0670374113302878
2022-04-27,0.0172111267002434
2022-04-28,-0.0095313984781385
2022-04-29,-0.054423398032686
2022-04-30,-0.0904045672039197
2022-05-01,0.0573535814180056
2022-05-02,-0.0111524794494689
2022-05-03,-0.0036780385226354
2022-05-04,0.0936497746730992
2022-05-05,-0.0911139825988651
2022-05-06,0.0203606570690037
2022-05-07,-0.0360407583772566
2022-05-08,0.0027361588001344
2022-05-09,-0.1599090240141182
2022-05-10,0.0232370928761636
2022-05-11,-0.1573482420174079
2022-05-12,-0.0340376004779672
2022-05-13,0.069842187410111
2022-05-14,0.031751611611711
2022-05-15,0.0476634767114081
2022-05-16,-0.0571247052147262
2022-05-17,0.0470545464488919
2022-05-18,-0.0846871507143522
2022-05-19,0.0535745858957111
2022-05-20,-0.0118329572484964
2022-05-21,0.0158197871579259
2022-05-22,0.0294734279403621
2022-05-23,-0.02480956846745
2022-05-24,0.0290204642302105
2022-05-25,-0.0050402475720543
2022-05-26,-0.0715087046465934
2022-05-27,-0.0255634977704876
2022-05-28,0.0178982419755965
2022-05-29,0.0291192972764222
2022-05-30,0.0675981773107244
2022-05-31,-0.0212970895812309
2022-06-01,-0.0653761821518932
2022-06-02,0.0216408661127336
2022-06-03,-0.0326493691231285
2022-06-04,0.0014834553242832
2022-06-05,0.0014937684969059
2022-06-06,0.0217381562522893
2022-06-07,-0.008844549879566
2022-06-08,-0.0067000841509006
2022-06-09,0.0019569464369289
2022-06-10,-0.0511391311842682
2022-06-11,-0.0556354174130689
2022-06-12,-0.045706717166562
2022-06-13,-0.115501007663173
2022-06-14,-0.0214062772782107
2022-06-15,0.0718338034673152
2022-06-16,-0.0902268313250184
2022-06-17,0.0235778398661294
2022-06-18,-0.0436256220740811
2022-06-19,0.0586417907619047
2022-06-20,0.0170872647149964
2022-06-21,0.018706306663353
2022-06-22,-0.0369083837852882
2022-06-23,0.0398919123454733
2022-06-24,0.0455857859135645
2022-06-25,-0.0002351066105671
2022-06-26,-0.0253156132963846
2022-06-27,0.005820902433554
2022-06-28,-0.0408093229232185
2022-06-29,-0.0109402156442121
2022-06-30,-0.0174145870765446
2022-07-01,-0.0154974049928202
2022-07-02,0.0069449890159073
2022-07-03,0.0146858292352837
2022-07-04,0.0389634597786201
2022-07-05,-0.0216475406915429
2022-07-06,0.0183105754020073
2022-07-07,0.0300984017395271
2022-07-08,-0.0120931951031026
2022-07-09,0.0251752933057038
2022-07-10,-0.0360464766127101
2022-07-11,-0.0558949345347149
2022-07-12,-0.0249847178105879
2022-07-13,0.0498827465317537
2022-07-14,0.0263562443022085
2022-07-15,0.0007110175109729
2022-07-16,0.0359424644772394
2022-07-17,-0.0163049941559247
2022-07-18,0.0843300787486165
2022-07-19,0.0083038011977399
2022-07-20,-0.0316045315157662
2022-07-21,0.0348645493269368
2022-07-22,-0.0286156642765235
2022-07-23,0.0178211190015148
2022-07-24,0.0022345508459494
2022-07-25,-0.0640523098839769
2022-07-26,0.0138066836883665
2022-07-27,0.092747524982974
2022-07-28,0.0299265120894517
2022-07-29,0.0029345095938604
2022-07-30,0.005444446594373
2022-07-31,-0.0163012520854144
2022-08-01,-0.015004754175957
2022-08-02,-0.0105006833702093
2022-08-03,0.0147462019640375
2022-08-04,0.0019860563819879
2022-08-05,0.0472440091084038
2022-08-06,-0.0196281564308946
2022-08-07,0.0128492624251742
2022-08-08,0.0075926840984223
2022-08-09,-0.0457774805137764
2022-08-10,0.0558925272149898
2022-08-11,-0.0132519899802182
2022-08-12,0.0264609608386522
2022-08-13,-0.0114345442094144
2022-08-14,0.0208621417772295
2022-08-15,-0.0201246091598769
2022-08-16,0.0029692518066537
2022-08-17,-0.0252342811975359
2022-08-18,-0.048674331938567
2022-08-19,-0.0904677011526742
2022-08-20,0.0033751539818078
2022-08-21,0.0281776063198655
2022-08-22,0.0047471445446701
2022-08-23,0.01400449784702
2022-08-24,-0.0082289838089905
2022-08-25,0.021830523281147
2022-08-26,-0.0866318631397958
2022-08-27,-0.007647470026126
2022-08-28,-0.034129282868751
2022-08-29,0.0637217218700493
2022-08-30,-0.0168320922247622
2022-08-31,0.0053193682166615
2022-09-01,0.0122365076181942
2022-09-02,-0.0089706810302188
2022-09-03,0.0047414881178887
2022-09-04,0.0115034470327468
2022-09-05,0.0257136745108713
2022-09-06,-0.0631180043161659
2022-09-07,0.047190111607182
2022-09-08,0.0206116374178551
2022-09-09,0.0378934862431845
2022-09-10,0.0059867610409403
2022-09-11,0.0015121436914283
2022-09-12,-0.0005383276624695
2022-09-13,-0.0823813972518376
2022-09-14,0.0267813368846951
2022-09-15,-0.0297693840989364
2022-09-16,0.0076826133267985
2022-09-17,0.0153608235885966
2022-09-18,-0.080921953290825
2022-09-19,0.025538341540851
2022-09-20,-0.0264148921517022
2022-09-21,-0.0256170302124428
2022-09-22,0.0447076971054275
2022-09-23,0.0086599021929199
2022-09-24,-0.0073778745634123
2022-09-25,-0.0063368562148678
2022-09-26,0.0215573363483616
2022-09-27,0.0121655071513335
2022-09-28,0.0064768334498648
2022-09-29,0.005742531280628
2022-09-30,0.0070367067388454
2022-10-01,-0.0204937912067919
2022-10-02,-0.0212004149518537
2022-10-03,0.0334102631464109
2022-10-04,0.0312138996588103
2022-10-05,0.0008450935976498
2022-10-06,-0.0094817640996597
2022-10-07,-0.0054792410463433
2022-10-08,-0.0004449661311617
2022-10-09,0.0111950076814942
2022-10-10,-0.0394324706258364
2022-10-11,0.0003549930646171
2022-10-12,-0.0049062482974523
2022-10-13,0.0045189944862589
2022-10-14,0.006867422829898
2022-10-15,0.0038650344532551
2022-10-16,0.0209708747340609
2022-10-17,0.0246725976146598
2022-10-18,-0.0301032359400419
2022-10-19,-0.0267914775580625
2022-10-20,-0.0086603888647539
2022-10-21,0.0105384784291697
2022-10-22,-0.0052992600478208
2022-10-23,0.014075750764975
2022-10-24,-0.0154433551925825
2022-10-25,0.0237757965911667
2022-10-26,0.0166380237604126
2022-10-27,-0.0165727287785198
2022-10-28,0.025336591954917
2022-10-29,0.0118265883245614
2022-10-30,-0.0036451330495711
2022-10-31,0.0026598819752236
2022-11-01,0.001663647631843
2022-11-02,-0.0081216243166375
2022-11-03,0.0092025721657641
2022-11-04,0.071131480533761
2022-11-05,-0.0037288891143595
2022-11-06,-0.0382868764709573
2022-11-07,0.0026919813077345
2022-11-08,-0.1036175950198793
2022-11-09,-0.181425395956553
2022-11-10,0.1400562526854291
2022-11-11,-0.0278091391415705
2022-11-12,-0.0352626713270017
2022-11-13,-0.0373030903352939
2022-11-14,0.0274940100942506
2022-11-15,0.0215794093674382
2022-11-16,-0.0198266106415423
2022-11-17,0.0124527086107803
2022-11-18,0.0070430745830345
2022-11-19,0.0038241977225416
2022-11-20,-0.0521221545671907
2022-11-21,-0.0084784978744594
2022-11-22,0.0492143863327099
2022-11-23,0.0498180973681773
2022-11-24,0.0104666598002362
2022-11-25,0.0029495457547613
2022-11-26,0.0137781649477575
2022-11-27,-0.0064507364652032
2022-11-28,-0.0162830784098215
2022-11-29,0.0187039762006298
2022-11-30,0.0423853359462734
2022-12-01,-0.0105051526562483
2022-12-02,0.018979236725808
2022-12-03,-0.0230264222752476
2022-12-04,0.015987918888676
2022-12-05,-0.0069617717520209
2022-12-06,-0.0064060746376427
2022-12-07,-0.0315898862323121
2022-12-08,0.0258314361217589
2022-12-09,-0.0118666409654406
2022-12-10,-0.0005305218484954
2022-12-11,-0.0200995390253702
2022-12-12,-0.0030964890596661
2022-12-13,0.0099225922915526
2022-12-14,-0.0191194524602853
2022-12-15,-0.0307282085357972
2022-12-16,-0.0951164066584265
2022-12-17,0.017106845295743
2022-12-18,0.0012663241255565
2022-12-19,-0.0450726870659717
2022-12-20,0.0400267978306167
2022-12-21,-0.013981988921644
2022-12-22,0.0080673643707762
2022-12-23,-0.0020363695895874
2022-12-24,-0.0030420066524301
2022-12-25,0.0013551376359253
2022-12-26,0.0191245658418167
2022-12-27,-0.0010486898071529
2022-12-28,-0.031709532499045
2022-12-29,-0.0014376555889074
2022-12-30,-0.0028228143100482
2022-12-31,0.0023148413779772
2023-01-01,0.0039989728221581
2023-01-02,0.0252159435015238
2023-01-03,0.0095706824050874
2023-01-04,0.0387241397233911
2023-01-05,-0.0136137853996761
2023-01-06,0.0350813500528389
2023-01-07,0.0281950865708398
2023-01-08,0.0225633152755606
2023-01-09,0.019844412683034
2023-01-10,0.0288984783151376
2023-01-11,0.0156193322225901
2023-01-12,0.0213212949324988
2023-01-13,0.043108773436084
2023-01-14,0.0200038845448919
2023-01-15,-0.0005428648300118
2023-01-16,-0.0035704435586461
2023-01-17,0.0198273463484219
2023-01-18,-0.0414060221721886
2023-01-19,0.0385427793891864
2023-01-20,0.0593519112709594
2023-01-21,-0.0121673204201154
2023-01-22,-0.0006815230533271
2023-01-23,0.0259342442192828
2023-01-24,-0.0332882640948404
2023-01-25,0.0360105054252414
2023-01-26,-0.017455229207026
2023-01-27,0.0286735541349858
2023-01-28,-0.0034366698747932
2023-01-29,0.0172435305326424
2023-01-30,-0.0483430633682783
2023-01-31,0.0143580951408666
2023-02-01,0.0304298868779619
2023-02-02,-0.019855949732196
2023-02-03,0.0299035853360125
2023-02-04,0.018182456184562
2023-02-05,0.0170479187667788
2023-02-06,-0.0166433896163968
2023-02-07,0.0567331523303802
2023-02-08,-0.03193117517578
2023-02-09,-0.0851243165926747
2023-02-10,0.0152521425987104
2023-02-11,0.0147135706690399
2023-02-12,-0.0146974675227522
2023-02-13,-0.0164499057449366
2023-02-14,0.0423792222128878
2023-02-15,0.0508778433941292
2023-02-16,-0.0567138880377514
2023-02-17,0.0303801563451607
2023-02-18,0.0059083643112495
2023-02-19,-0.013666522456955
2023-02-20,0.0064565148782686
2023-02-21,-0.0144518220477092
2023-02-22,-0.0002374425404671
2023-02-23,-0.009151613546362
2023-02-24,-0.0149867570804779
2023-02-25,-0.0163636095288036
2023-02-26,0.0171205611738223
2023-02-27,-0.0110560803035931
2023-02-28,-0.0065317490981555
2023-03-01,0.0296417837264066
2023-03-02,-0.029955920524616
2023-03-03,-0.0679892497610363
2023-03-04,-0.0454406594144097
2023-03-05,0.017520414366811
2023-03-06,-0.0016101645671405
2023-03-07,-0.01393241661592
2023-03-08,-0.0702362195847214
2023-03-09,-0.0659942727894284
2023-03-10,0.0126878310686503
2023-03-11,-0.0239236185030119
2023-03-12,0.1236950776416055
2023-03-13,0.081922173368988
2023-03-14,0.064124200752727
2023-03-15,-0.0896478975859328
2023-03-16,0.0357354627195454
2023-03-17,0.1131352748568447
2023-03-18,-0.0497320917089659
2023-03-19,0.035118735485655
2023-03-20,-0.0538073819479123
2023-03-21,0.0385515738145127
2023-03-22,-0.0415898393716004
2023-03-23,0.0293366458180204
2023-03-24,-0.0592405060387707
2023-03-25,-0.0266129628907235
2023-03-26,0.0337739946970483
2023-03-27,-0.0572395263174183
2023-03-28,0.0360384461107307
2023-03-29,0.049549501026966
2023-03-30,-0.0160205512555882
2023-03-31,0.0204062516819211
2023-04-01,-0.0004223200842519
2023-04-02,-0.0197352882939077
2023-04-03,0.0075696757433165
2023-04-04,0.0070998398130604
2023-04-05,0.0083655212776617
2023-04-06,-0.0117897175291188
2023-04-07,-0.0035650918272377
2023-04-08,-0.003517284405925
2023-04-09,0.0177593624432756
2023-04-10,0.0417375545034671
2023-04-11,0.0035716072688998
2023-04-12,-0.01563594481409
2023-04-13,0.0117999480231363
2023-04-14,0.0190736929301907
2023-04-15,-0.0029007872079489
2023-04-16,0.0142086935343455
2023-04-17,-0.018375769464527
2023-04-18,0.0195532849538416
2023-04-19,-0.0598870933426559
2023-04-20,-0.0148942268551774
2023-04-21,-0.0445076055448896
2023-04-22,0.0234711218151396
2023-04-23,-0.015971886003279
2023-04-24,0.0023971263716687
2023-04-25,0.0273453952326684
2023-04-26,-0.0094549463116636
2023-04-27,0.0227418305779365
2023-04-28,-0.0048173353184392
2023-04-29,0.0040901074541836
2023-04-30,-0.0148358065372783
2023-05-01,-0.016854351055338
2023-05-02,0.0053115278491403
2023-05-03,0.0135064258525068
2023-05-04,-0.0129374787211342
2023-05-05,0.0067671747025049
2023-05-06,-0.0312991272978455
2023-05-07,-0.0039253488793225
2023-05-08,-0.0454960734756142
2023-05-09,0.0022123638782815
2023-05-10,0.0086733704837642
2023-05-11,-0.0387799621369055
2023-05-12,0.0181426932312415
2023-05-13,-0.0078146327068891
2023-05-14,0.0126798958516407
2023-05-15,0.0064054011966176
2023-05-16,0.0095397798968918
2023-05-17,0.0158134178223915
2023-05-18,-0.0077360384524179
2023-05-19,0.0112192679922938
2023-05-20,0.0031820895458907
2023-05-21,-0.01538802199099
2023-05-22,0.0120699357184197
2023-05-23,0.0057131730014904
2023-05-24,-0.0256102969679263
2023-05-25,0.0018003957247508
2023-05-26,0.0051979291718404
2023-05-27,0.0107827855258987
2023-05-28,0.0246976618100304
2023-05-29,-0.0091196532269436
2023-05-30,0.0099682534891103
2023-05-31,-0.0290977346365613
2023-06-01,-0.0104357141510944
2023-06-02,0.0404785449688504
2023-06-03,-0.0086023940550606
2023-06-04,-0.0005119357686356
2023-06-05,-0.0785386969233031
2023-06-06,0.0377424323462281
2023-06-07,-0.0298673885141508
2023-06-08,0.0019346449344882
2023-06-09,-0.0256564206252231
2023-06-10,-0.0950650278724124
2023-06-11,0.0018968265307132
2023-06-12,0.0016579554542371
2023-06-13,0.0068698306621392
2023-06-14,-0.0351076471336624
2023-06-15,0.0221367921411776
2023-06-16,0.0223774244118335
2023-06-17,0.0168621529449661
2023-06-18,-0.024049143138697
2023-06-19,0.0203252664498844
2023-06-20,0.0729549318661997
2023-06-21,0.0594298609577832
2023-06-22,-0.0078196916453674
2023-06-23,0.0184922425427975
2023-06-24,-0.0185023988356669
2023-06-25,0.0020968050199844
2023-06-26,-0.0099091611886585
2023-06-27,0.0156859699406935
2023-06-28,-0.0405974075031554
2023-06-29,0.0161966777873553
2023-06-30,0.0219832028233357
2023-07-01,0.0198792064057319
2023-07-02,0.0030893379695881
2023-07-03,0.0114692522088889
2023-07-04,-0.0228698826587964
2023-07-05,-0.0149414890381599
2023-07-06,-0.0219119532595388
2023-07-07,0.022677733119636
2023-07-08,0.0050096798398948
2023-07-09,-0.0133486753346751
2023-07-10,0.0050247652369958
2023-07-11,0.0042043615984933
2023-07-12,0.0086246191888295
2023-07-13,0.1554958726664826
2023-07-14,-0.0448895914570715
2023-07-15,-0.0072786036004952
2023-07-16,-0.0023908287762916
2023-07-17,-0.0053175689452161
2023-07-18,-0.0032548703763415
2023-07-19,0.0267385776093703
2023-07-20,0.000634281812726
2023-07-21,-0.0071611230979275
2023-07-22,-0.0066251308978415
2023-07-23,0.0077894453831535
2023-07-24,-0.0434785525263865
2023-07-25,0.0002378037102034
2023-07-26,0.0225182135858662
2023-07-27,-0.0008369123840261
2023-07-28,0.0059434484918829
2023-07-29,0.001156199437134
2023-07-30,-0.011536482213919
2023-07-31,-0.0153938381227838
2023-08-01,0.0126847104319134
2023-08-02,-0.0350037321730125
2023-08-03,-0.0089435062050545
2023-08-04,-0.0036076731729535
2023-08-05,0.008092445366651
2023-08-06,-0.0020958932644867
2023-08-07,0.0102150590985634
2023-08-08,0.0108794955063141
2023-08-09,-0.0010469463431487
2023-08-10,-0.0080191723505196
2023-08-11,-0.0025332957450075
2023-08-12,0.0031775128083824
2023-08-13,-0.0070056805513289
2023-08-14,0.0074714954468744
2023-08-15,-0.0347234286592686
2023-08-16,-0.0435082851958189
2023-08-17,-0.0778322880684875
2023-08-18,0.0164858868540695
2023-08-19,0.0176603399813659
2023-08-20,0.0112698683967314
2023-08-21,-0.0163271920421903
2023-08-22,-0.0124650442792087
2023-08-23,0.0296667503355287
2023-08-24,-0.0242932580466215
2023-08-25,-0.0063391470048842
2023-08-26,-0.0018135153679964
2023-08-27,0.0121260890907106
2023-08-28,-0.0125642442124878
2023-08-29,0.0514725524492551
2023-08-30,-0.0302644393031986
2023-08-31,-0.0223797561545019
2023-09-01,-0.0077041652459506
2023-09-02,-0.0003528210155906
2023-09-03,0.0082172113189205
2023-09-04,0.0081587568261725
2023-09-05,0.0006095944509313
2023-09-06,0.0088083472607154
2023-09-07,0.0121394222269532
2023-09-08,-0.0064823954378867
2023-09-09,-0.0007924055132809
2023-09-10,-0.0139317793232996
2023-09-11,-0.0246414393923213
2023-09-12,0.0118603006749671
2023-09-13,0.0130334652793804
2023-09-14,0.0165103028553201
2023-09-15,0.0092199142794614
2023-09-16,-0.0095512781900169
2023-09-17,-0.0157039803496604
2023-09-18,0.0202174724437285
2023-09-19,0.0140806190544002
2023-09-20,-0.0024055520710638
2023-09-21,-0.0257766546754519
2023-09-22,0.0073530937508648
2023-09-23,0.0015955509304426
2023-09-24,-0.0113220755305491
2023-09-25,0.0161602223455671
2023-09-26,-0.0040229489872215
2023-09-27,0.0125966566522346
2023-09-28,0.0195257942760069
2023-09-29,0.0081428559017708
2023-09-30,0.0054181847408527
2023-10-01,0.0276906211981731
2023-10-02,-0.0317809894022018
2023-10-03,-0.0174540850723814
2023-10-04,0.0059378638643426
2023-10-05,-0.0157505251686882
2023-10-06,0.0235339282672984
2023-10-07,-0.0044258413288107
2023-10-08,-0.0052280138277074
2023-10-09,-0.0403943417378678
2023-10-10,-0.0025517501086305
2023-10-11,-0.0009484075304689
2023-10-12,-0.0156072238813456
2023-10-13,0.0200027207201397
2023-10-14,0.0036301350819063
2023-10-15,0.0100738070807266
2023-10-16,0.028016723656733
2023-10-17,-0.0112822716986831
2023-10-18,0.0015227293025875
2023-10-19,0.0102802494052728
2023-10-20,0.0408379835603005
2023-10-21,0.0417074560445691
2023-10-22,0.0279500933854465
2023-10-23,0.0833257856503298
2023-10-24,0.0047986712896904
2023-10-25,0.0345729676149352
2023-10-26,-0.0083178868734173
2023-10-27,0.016691746334274
2023-10-28,0.0173507651824346
2023-10-29,0.018510313217041
2023-10-30,0.0041146480754812
2023-10-31,0.0123880860779535
2023-11-01,0.0199841071372137
2023-11-02,-0.0193974040467584
2023-11-03,0.0106446676930084
2023-11-04,0.0305637358593253
2023-11-05,0.0198688751006218
2023-11-06,0.009834835182086
2023-11-07,-0.0074874805338604
2023-11-08,0.021611699760389
2023-11-09,0.0268196569990136
2023-11-10,0.057861073883489
2023-11-11,0.0047765962834133
2023-11-12,0.0007125101048626
2023-11-13,-0.044755490329258
2023-11-14,-0.000609123262088
2023-11-15,0.0475882423989069
2023-11-16,-0.0455169424032547
2023-11-17,0.0099959645488825
2023-11-18,-0.0084588532510289
2023-11-19,0.0446465655959951
2023-11-20,-0.0106271495854954
2023-11-21,-0.0627934339402465
2023-11-22,0.0700831862086534
2023-11-23,-0.0032289928860907
2023-11-24,0.0142406471328321
2023-11-25,0.0165471627512079
2023-11-26,-0.0112737274786886
2023-11-27,-0.027220640605155
2023-11-28,0.0093786545850267
2023-11-29,-0.008065907368832
2023-11-30,0.0117640485657473
2023-12-01,0.0237708354623943
2023-12-02,0.0225830645474024
2023-12-03,-0.0067748103714065
2023-12-04,0.001748302282994
2023-12-05,0.0204729517402922
2023-12-06,-0.0115544998819274
2023-12-07,0.0354976844876088
2023-12-08,0.0812592133125336
2023-12-09,-0.0020934914821283
2023-12-10,0.0472237057242377
2023-12-11,-0.0177374168167584
2023-12-12,0.0127504980330095
2023-12-13,0.0309703909262656
2023-12-14,0.0478887695357221
2023-12-15,-0.0181177745456821
2023-12-16,0.0128259987261012
2023-12-17,-0.030106817903658
2023-12-18,0.0492083081017868
2023-12-19,-0.0225589876708557
2023-12-20,0.066948581540965
2023-12-21,0.0764921238050294
2023-12-22,0.0034457458907691
2023-12-23,0.0537265799960426
2023-12-24,-0.0222402313519894
2023-12-25,0.0363826009321752
2023-12-26,-0.0086128835028638
2023-12-27,0.0128962284213814
2023-12-28,-0.0354749278891075
2023-12-29,-0.0107616507246108
2023-12-30,-0.0107503375715829
2023-12-31,-0.0182516295618977
2024-01-01,0.0370754678817011
2024-01-02,-0.0042079799843101
2024-01-03,-0.0587533174116189
2024-01-04,0.0311849270668389
2024-01-05,-0.0473310427102051
2024-01-06,-0.0453580323359111
2024-01-07,-0.0449948647620406
2024-01-08,0.0912114703331439
2024-01-09,-0.036637130243713
2024-01-10,0.076345548489427
2024-01-11,-0.0016068674456333
2024-01-12,-0.0571973355221642
2024-01-13,0.0172401965546975
2024-01-14,-0.0385924561124099
2024-01-15,0.0247143542876193
2024-01-16,0.0064803592787475
2024-01-17,-0.0057582012621153
2024-01-18,-0.0625420169602392
2024-01-19,-0.0083723057546995
2024-01-20,0.0181725115081253
2024-01-21,-0.0190730392823637
2024-01-22,-0.0666882779311737
2024-01-23,-0.0048472242862099
2024-01-24,0.0218880704529932
2024-01-25,-0.0172033744264733
2024-01-26,0.0552029857973853
2024-01-27,0.0103627093085708
2024-01-28,0.0013843510960008
2024-01-29,0.0386432525931432
2024-01-30,-0.0212241817602667
2024-01-31,-0.0443839520565445
2024-02-01,0.0104795051793948
2024-02-02,0.0436157952013501
2024-02-03,-0.007666687600047
2024-02-04,-0.0090124811338244
2024-02-05,-0.0020519497013951
2024-02-06,0.006575590983127
2024-02-07,0.0315906778388121
2024-02-08,0.0039993078366442
2024-02-09,0.0453711998358061
2024-02-10,0.0157180274368766
2024-02-11,0.0072703678775881
2024-02-12,0.0322589682893153
2024-02-13,-0.0005559941006013
2024-02-14,0.0521675809230572
2024-02-15,-0.013279709392329
2024-02-16,0.0022873271821238
2024-02-17,0.0131940271223613
2024-02-18,0.0162038287568008
2024-02-19,0.0146524438651928
2024-02-20,-0.0034362915818735
2024-02-21,-0.0143732668201128
2024-02-22,-0.0178067276203094
2024-02-23,-0.0191495833604411
2024-02-24,0.0253556709791881
2024-02-25,0.0042143581829523
2024-02-26,0.0424311673614265
2024-02-27,0.0147238019161982
2024-02-28,0.0511152104733994
2024-02-29,0.0001492766290563
2024-03-01,0.0446864710798176
2024-03-02,0.0216299018625411
2024-03-03,0.0076845880334236
2024-03-04,0.013092657464195
2024-03-05,-0.0629654007801626
2024-03-06,0.0632548739610173
2024-03-07,0.0181035124851578
2024-03-08,0.0120789866295127
2024-03-09,0.0266906235159655
2024-03-10,-0.0269405458436616
2024-03-11,0.0442380117240592
2024-03-12,0.0149260979964073
2024-03-13,0.0030671434340151
2024-03-14,-0.0126101390016039
2024-03-15,-0.0401275701179885
2024-03-16,-0.0666516323644296
2024-03-17,0.043270539065345
2024-03-18,-0.0420699350480327
2024-03-19,-0.1005259688625408
2024-03-20,0.0938322188733264
2024-03-21,-0.0051786491101146
2024-03-22,-0.0204819494333492
2024-03-23,0.009044092259021
2024-03-24,0.0449093599665265
2024-03-25,0.0414439113606298
2024-03-26,0.0189481288667012
2024-03-27,-0.0264792688569401
2024-03-28,0.0144492183579132
2024-03-29,-0.0105055951711644
2024-03-30,-0.004347047860561
2024-03-31,0.029262352263443
2024-04-01,-0.0313619621258833
2024-04-02,-0.0621236274477636
2024-04-03,-0.0108897619391438
2024-04-04,0.0467377826925256
2024-04-05,-0.025366710068302
2024-04-06,0.0262709017984138
2024-04-07,0.0136883477944821
2024-04-08,0.0262056705073746
2024-04-09,-0.0449063431112173
2024-04-10,0.0210453002781673
2024-04-11,-0.0243378070102043
2024-04-12,-0.1024676416318607
2024-04-13,-0.0881457180341813
2024-04-14,0.0726205034029667
2024-04-15,-0.0558273961728631
2024-04-16,-0.0145805707061745
2024-04-17,-0.0307854299860863
2024-04-18,0.0453679863440951
2024-04-19,0.0083272886662452
2024-04-20,0.0800516119307059
2024-04-21,-0.0092895843291624
2024-04-22,0.0498033429217812
2024-04-23,-0.0151285072329832
2024-04-24,-0.0373259207459115
2024-04-25,-6.818136771953679e-05
2024-04-26,-0.0378790705190836
2024-04-27,0.0028150112877026
2024-04-28,-0.0101336356086104
2024-04-29,-0.0097828479721841
2024-04-30,-0.0742353941145017
2024-05-01,-0.000632196811056
2024-05-02,0.0163679072486418
2024-05-03,0.0630903383541515
2024-05-04,0.0092775360837978
2024-05-05,0.0184133998370614
2024-05-06,-0.0095032907304619
2024-05-07,-0.0300206190235003
2024-05-08,-0.021623940917598
2024-05-09,0.0407135540771134
2024-05-10,-0.0431269545123776
2024-05-11,-0.001930661651151
2024-05-12,-0.0038070596960281
2024-05-13,0.0138661039773723
2024-05-14,-0.0236977068223894
2024-05-15,0.0871390210807855
2024-05-16,-0.0168085011861793
2024-05-17,0.0393481433635338
2024-05-18,0.0049901441737703
2024-05-19,-0.0250751079085616
2024-05-20,0.0939599754330974
2024-05-21,0.0111784906345939
2024-05-22,-0.0165851122352706
2024-05-23,-0.0134450535450625
2024-05-24,0.0026794311065323
2024-05-25,0.0138992456614125
2024-05-26,0.0114337593090702
2024-05-27,0.0269396724649528
2024-05-28,-0.0288183770793273
2024-05-29,-0.0199593867457672
2024-05-30,0.018199328492629
2024-05-31,0.0072782544371233
2024-06-01,0.0087403712022933
2024-06-02,-0.0133986681018201
2024-06-03,0.0229144185354575
2024-06-04,0.0591377913565559
2024-06-05,0.0088722479482755
2024-06-06,-0.0055175036600034
2024-06-07,-0.0631211896729771
2024-06-08,-0.0283357912044365
2024-06-09,0.0096718072713661
2024-06-10,-0.022594454979765
2024-06-11,-0.0621111048826811
2024-06-12,0.0450372976980997
2024-06-13,-0.0561932500339835
2024-06-14,-0.0197446959091597
2024-06-15,0.0222367709035641
2024-06-16,0.0325806746663474
2024-06-17,-0.0665369342955305
2024-06-18,-0.0601042991153166
2024-06-19,0.0178220018117233
2024-06-20,-0.010227833819421
2024-06-21,0.0003384894156032
2024-06-22,0.0118864940218729
2024-06-23,-0.035800393617089
2024-06-24,0.0026467821031044
2024-06-25,0.0323527431978445
2024-06-26,-0.0254507722073439
2024-06-27,0.0270034432859634
2024-06-28,-0.0392194152693392
2024-06-29,-0.0098508755507873
2024-06-30,0.0323063164331914
2024-07-01,-0.0152945509325501
2024-07-02,-0.0055144066290362
2024-07-03,-0.0493675319571365
2024-07-04,-0.0820476267617359
2024-07-05,-0.0156505776798563
2024-07-06,0.0643370939620882
2024-07-07,-0.0684750633677705
2024-07-08,0.0284768844513698
2024-07-09,0.0128254419952289
2024-07-10,0.0197621842838238
2024-07-11,-0.0123830870625162
2024-07-12,0.0220864940879686
2024-07-13,0.0012825126823265
2024-07-14,0.0361503827080973
2024-07-15,0.0873382173443209
2024-07-16,-0.003569931963138
2024-07-17,-0.0232040663205909
2024-07-18,0.001690316984781
2024-07-19,0.0326496369724322
2024-07-20,0.0052256648261494
2024-07-21,0.0153179717229944
2024-07-22,-0.0366288846851803
2024-07-23,-0.0068059494877039
2024-07-24,-0.0205640413877432
2024-07-25,-0.0176556364354483
2024-07-26,0.0324252030105218
2024-07-27,0.0126298689730555
2024-07-28,0.0031950660113226
2024-07-29,0.0043343160735322
2024-07-30,-0.0103267369002684
2024-07-31,-0.0256456470106514
2024-08-01,0.0010269352939724
2024-08-02,-0.0514016029455045
2024-08-03,-0.0267444151828703
2024-08-04,-0.0496914872695434
2024-08-05,-0.0680545108777174
2024-08-06,0.0494063323450618
2024-08-07,0.0178216992159905
2024-08-08,0.0696495694921828
2024-08-09,-0.0149152190126227
2024-08-10,0.0087229327489569
2024-08-11,-0.0390274084721598
2024-08-12,0.0350736785084419
2024-08-13,0.0035627396375844
2024-08-14,-0.0128072287785764
2024-08-15,-0.0140978886606011
2024-08-16,0.0008856393089394
2024-08-17,0.0274581935364924
2024-08-18,-0.0160864577743347
2024-08-19,0.0262485205525129
2024-08-20,0.0049377336100999
2024-08-21,0.0167036021165246
2024-08-22,0.0065504581428221
2024-08-23,0.0412103885355432
2024-08-24,0.0023152516707508
2024-08-25,-0.0210319915403022
2024-08-26,-0.0416890841934637
2024-08-27,-0.0411199583689003
2024-08-28,-0.0057433730747947
2024-08-29,-0.0001329843795792
2024-08-30,0.0075972567139055
2024-08-31,-0.010988987840473
2024-09-01,-0.0320581328214331
2024-09-02,0.0271478789053093
2024-09-03,-0.0276348000175264
2024-09-04,0.0144863381137262
2024-09-05,-0.0180885164725221
2024-09-06,-0.0268819672249512
2024-09-07,0.0128892265157218
2024-09-08,0.0113304206265779
2024-09-09,0.0299047748770462
2024-09-10,0.0089907754723651
2024-09-11,-0.0074306361800691
2024-09-12,0.0211548399835625
2024-09-13,0.0128553022058765
2024-09-14,0.0018568073375368
2024-09-15,-0.0171620768617792
2024-09-16,-0.0049108523704706
2024-09-17,0.0115708728390161
2024-09-18,0.0129164438957541
2024-09-19,0.0157584117899873
2024-09-20,0.0052275816065919
2024-09-21,0.0188118870288522
2024-09-22,-0.0116998103753991
2024-09-23,0.0156784877551884
2024-09-24,0.0093891221110692
2024-09-25,-0.0175040866916993
2024-09-26,0.0268165163818356
2024-09-27,0.0119330846832391
2024-09-28,0.0016429491030124
2024-09-29,0.010868548984399
2024-09-30,-0.0347690535657268
2024-10-01,-0.0366118362066681
2024-10-02,-0.0226786098575381
2024-10-03,-0.0123477439321696
2024-10-04,0.0269804100187436
2024-10-05,-0.0056674070245904
2024-10-06,0.0225254899608765
2024-10-07,-5.438895011114735e-05
2024-10-08,-0.0030237361873112
2024-10-09,-0.0163304052839997
2024-10-10,0.0198766092014061
2024-10-11,0.0331471858879459
2024-10-12,0.0143633602799569
2024-10-13,0.0015433391608255
2024-10-14,0.0219397968940264
2024-10-15,-0.0148625216444557
2024-10-16,0.0005134623810041
2024-10-17,-0.0143050345815041
2024-10-18,0.0150446698655129
2024-10-19,-0.0020661561735262
2024-10-20,0.0121007967372605
2024-10-21,-0.012939203189189
2024-10-22,-0.0031199146233988
2024-10-23,-0.0092605145315238
2024-10-24,0.0054063556942382
2024-10-25,-0.0488108909802127
2024-10-26,0.009431476883675
2024-10-27,0.0159589133205747
2024-10-28,0.0062531053770593
2024-10-29,0.030206971647151
2024-10-30,0.0054428699812816
2024-10-31,-0.0354170040034539
2024-11-01,-0.0071098776356146
2024-11-02,-0.0075637241527599
2024-11-03,-0.013650544526547
2024-11-04,-0.0194699997474871
2024-11-05,0.0233331323636179
2024-11-06,0.0924994138110013
2024-11-07,0.0242291303930588
2024-11-08,0.0054293852628437
2024-11-09,0.0301832919041255
2024-11-10,0.0186286586766866
2024-11-11,0.0295861983426981
2024-11-12,-0.0076874354133699
2024-11-13,0.0092526742608036
2024-11-14,-0.0256151074346645
2024-11-15,0.0490098743528132
2024-11-16,0.0298095218165952
2024-11-17,0.0098704314621751
2024-11-18,0.0122902753709985
2024-11-19,-0.0132331089992602
2024-11-20,-0.0145101175936692
2024-11-21,0.0500699023214249
2024-11-22,0.0128652082131435
2024-11-23,0.0118661910644499
2024-11-24,0.0023291584247193
2024-11-25,-0.0387179288111678
2024-11-26,0.0049764513048194
2024-11-27,0.0688889777900775
2024-11-28,-0.0043705881646207
2024-11-29,0.0036584710704189
2024-11-30,0.0207687073388355
2024-12-01,0.0098630915480596
2024-12-02,0.0677973920206806
2024-12-03,0.1882821816833304
2024-12-04,-0.059180224046664
2024-12-05,-0.0048824067008627
2024-12-06,0.0334506422030324
2024-12-07,0.0025146518455756
2024-12-08,0.0015595354171945
2024-12-09,-0.1318903058001244
2024-12-10,0.0173462472354646
2024-12-11,0.0560622924407373
2024-12-12,0.0274854648621414
2024-12-13,0.0053875891820996
2024-12-14,-0.0322216606229546
2024-12-15,0.0240186419034021
2024-12-16,-0.0056686301371859
2024-12-17,-0.0144016011629636
2024-12-18,-0.0710222624781684
2024-12-19,-0.049912572807463
2024-12-20,0.0425719682401975
2024-12-21,-0.0266049515562092
2024-12-22,0.0079504828941417
2024-12-23,0.0610236707613132
2024-12-24,0.0203696054691655
2024-12-25,-0.0032686928744207
2024-12-26,-0.046863434592636
2024-12-27,-0.0127784706261699
2024-12-28,0.0233957260343138
2024-12-29,-0.0292214801123783
2024-12-30,-0.0121481589445117
2024-12-31,-0.012044274807215
2025-01-01,0.0087724464769438
2025-01-02,0.0302684829193464
2025-01-03,0.0589998222027825
2025-01-04,0.0031439806121701
2025-01-05,-0.0138938158922955
2025-01-06,0.0115138202949121
2025-01-07,-0.0830150313741005
2025-01-08,-0.0064106889316899
2025-01-09,-0.0405795231526519
2025-01-10,0.0314090729255263
2025-01-11,0.0154165389150266
2025-01-12,-0.0271095784263497
2025-01-13,-0.010612865272185
2025-01-14,0.025974344642348
2025-01-15,0.0861557351277981
2025-01-16,-0.0051271257081674
2025-01-17,0.0432670252030039
2025-01-18,-0.0315319293287196
2025-01-19,-0.0799343325349867
2025-01-20,0.0250657825891526
2025-01-21,0.0310668880386834
2025-01-22,-0.0171545820572679
2025-01-23,-0.0063309488319491
2025-01-24,-0.0078162474258003
2025-01-25,-0.0020061738998503
2025-01-26,-0.0331747820193979
2025-01-27,0.002014227047044
2025-01-28,-0.046338059066696
2025-01-29,0.0148760427263727
2025-01-30,0.0489498996462381
2025-01-31,-0.0052121160359656
2025-02-01,-0.03742348418647
2025-02-02,-0.0769178934968815
2025-02-03,0.0400265130553894
2025-02-04,-0.0475578395569947
2025-02-05,-0.024505926240893
2025-02-06,-0.0255906641403047
2025-02-07,0.0038816316675793
2025-02-08,0.0095155281427662
2025-02-09,-0.0101976234273616
2025-02-10,0.0203896854108084
2025-02-11,0.0059859960661213
2025-02-12,0.0329287863858459
2025-02-13,-0.0024188091825114
2025-02-14,0.0173836841337165
2025-02-15,-0.0071322716820721
2025-02-16,-0.0135735028707656
2025-02-17,-0.0041208968537381
2025-02-18,-0.0248110144797999
2025-02-19,0.0257048585935478
2025-02-20,0.0148445781755654
2025-02-21,-0.0358633287326815
2025-02-22,0.014322379964709
2025-02-23,-0.0054639726471029
2025-02-24,-0.0861159185475172
2025-02-25,-0.0030403388837961
2025-02-26,-0.0308441911953378
2025-02-27,-0.0028283028221615
2025-02-28,-0.0082382576506252
2025-03-01,0.0345375743797941
2025-03-02,0.149375698592656
2025-03-03,-0.1430577214593644
2025-03-04,0.0245494599009958
2025-03-05,0.0284567833476766
2025-03-06,-0.0118505452502951
2025-03-07,-0.0394559209834414
2025-03-08,-0.0157101052395501
2025-03-09,-0.0694217514198399
2025-03-10,-0.0480656543837164
2025-03-11,0.0436405845041626
2025-03-12,0.0111200944994144
2025-03-13,-0.0180372104605223
2025-03-14,0.0316261578166611
2025-03-15,0.0062606199912128
2025-03-16,-0.034555383686705
2025-03-17,0.0270594374076563
2025-03-18,-0.0143138230501412
2025-03-19,0.0543879496013296
2025-03-20,-0.0262588392466436
2025-03-21,-0.0175307963266605
2025-03-22,-0.0001221906297176
2025-03-23,0.017556090093099
2025-03-24,0.0211963143702073
2025-03-25,0.0066415214324433
2025-03-26,-0.0123252019251323
2025-03-27,0.0153766313217792
2025-03-28,-0.0429148496272737
2025-03-29,-0.0334111468859337
2025-03-30,-0.0058077578525982
2025-03-31,-0.0106667481800343
2025-04-01,0.0377043950314353
2025-04-02,-0.0434767748189196
2025-04-03,0.0061799999760122
2025-04-04,0.0037576367188672
2025-04-05,-0.0105129831376345
2025-04-06,-0.0867261604887588
2025-04-07,0.0101809801823023
2025-04-08,-0.0266159817620609
2025-04-09,0.0925839207321633
2025-04-10,-0.0178926477863747
2025-04-11,0.0306159330427761
2025-04-12,0.0226528793372421
2025-04-13,-0.0363258091075795
2025-04-14,0.0058542649789654
2025-04-15,-0.0186633901816329
2025-04-16,0.0130715774604872
2025-04-17,0.0044520651930558
2025-04-18,-0.0010066823437388
2025-04-19,0.0158114611907516
2025-04-20,-0.003241125576448
2025-04-21,0.0150358310191498
2025-04-22,0.0567042059443569
2025-04-23,0.0166678704736283
2025-04-24,0.0098424406816244
2025-04-25,0.0017141949423428
2025-04-26,-7.141097755987327e-05
2025-04-27,-0.011049165263341
2025-04-28,0.0296714995958735
2025-04-29,-0.0101020627751317
2025-04-30,0.0049919974588046
2025-05-01,0.0180067288937593
2025-05-02,0.0040465479227867
2025-05-03,-0.0169514314999253
2025-05-04,-0.0117572979816651
2025-05-05,0.0091473613877208
2025-05-06,0.0041321584315211
2025-05-07,-0.0024368656995932
2025-05-08,0.0740146661734707
2025-05-09,0.0113437521016104
2025-05-10,0.0384082469601562
2025-05-11,-0.0216167763968093
2025-05-12,0.0072330006441127
2025-05-13,0.011012173213333
2025-05-14,-0.0163914094772212
2025-05-15,-0.0208722152839707
2025-05-16,-0.0048762745225958
2025-05-17,-0.012776895975523
2025-05-18,0.0240494117920269
2025-05-19,-0.0116799537930647
2025-05-20,0.0129279325860347
2025-05-21,0.0120663921463019
2025-05-22,0.0243131655027292
2025-05-23,-0.0384856670175789
2025-05-24,0.002620221754171
2025-05-25,0.0041671241479049
2025-05-26,-0.00449837909866
2025-05-27,0.0065973393077436
2025-05-28,-0.0124812096638247
2025-05-29,-0.01355930228594
2025-05-30,-0.0414305531970492
2025-05-31,0.003906046314814
2025-06-01,0.0071998510231932
2025-06-02,0.0140420270855318
2025-06-03,0.0066726413604969
2025-06-04,-0.0170060087493263
2025-06-05,-0.0463497519902051
2025-06-06,0.0268460895677505
2025-06-07,0.0152686858966213
2025-06-08,0.0052982791897034
2025-06-09,0.0394921912599348
2025-06-10,0.011228816597085
2025-06-11,-0.0221572455862513
2025-06-12,-0.0333190342711982
2025-06-13,-0.0146849761897167
2025-06-14,-0.0141352778732552
2025-06-15,0.0068313668109811
2025-06-16,-0.0011888519902704
2025-06-17,-0.0316712501348012
2025-06-18,0.0053382321382711
2025-06-19,-0.0059866849905926
2025-06-20,-0.0214568468812218
2025-06-21,-0.0285275923919484
2025-06-22,-0.0173142278731208
2025-06-23,0.0658639381688016
2025-06-24,0.0091503761845569
2025-06-25,-0.0109697503811913
2025-06-26,-0.0195317339851895
2025-06-27,0.0107214227051186
2025-06-28,0.0184672532541335
2025-06-29,0.0196071823772346
2025-06-30,-0.0171692893032526
2025-07-01,-0.024194882544674
2025-07-02,0.0329252039428249
2025-07-03,0.0028499509558831
2025-07-04,-0.0232312683387741
2025-07-05,0.0022699181731301
2025-07-06,0.0073737077579183
2025-07-07,-0.0073586281758557
2025-07-08,0.0061660277217251
2025-07-09,0.0203194415893594
2025-07-10,0.0385117622511539
2025-07-11,0.0103396819605854
2025-07-12,-0.0076260597226503
2025-07-13,0.0123248125146191
2025-07-14,-0.0010364286110369
2025-07-15,0.0105047122054162
2025-07-16,0.0107983450629319
2025-07-17,0.0094456302943215
2025-07-18,0.0037598038254461
2025-07-19,0.0147928258024107
2025-07-20,0.0122545031282284
2025-07-21,0.0084656219036965
2025-07-22,0.014198054302289
2025-07-23,-0.0420635583648007
2025-07-24,-0.0047571552599865
2025-07-25,0.0113006274304273
2025-07-26,0.0077919562017313
2025-07-27,0.0166937331680907
2025-07-28,-0.0270601471874873
2025-07-29,0.0049187040188896
2025-07-30,-0.0111852865445515
2025-07-31,-0.0237990546855323
2025-08-01,-0.0400225876067619
2025-08-02,-0.0146382134803787
2025-08-03,0.0287645711535748
2025-08-04,0.0188808344703209
2025-08-05,-0.0165501363989218
2025-08-06,0.0135214227547202
2025-08-07,0.0234299183469404
2025-08-08,0.0028728221828387
2025-08-09,0.0084108048802778
2025-08-10,0.001534688487199
2025-08-11,-0.0162102821234942
2025-08-12,0.0283068211898919
2025-08-13,0.0178336101052943
2025-08-14,-0.0406005366128147
2025-08-15,-0.0055661214516689
2025-08-16,-0.0001991846681137
2025-08-17,0.0020471917109678
2025-08-18,-0.0157462809141873
2025-08-19,-0.0265536794830381
2025-08-20,0.0295565105550445
2025-08-21,-0.0139733979688156
2025-08-22,0.0538696011186511
2025-08-23,-0.009336069229715
2025-08-24,-0.0165013243255447
2025-08-25,-0.0472272230504417
2025-08-26,0.0214470912931812
2025-08-27,-0.0089028763361044
2025-08-28,0.0166920890889126
2025-08-29,-0.0311716380452184
2025-08-30,0.0124484331105161
2025-08-31,-0.0075854568094987
2025-09-02,0.0199403949749813
2025-09-03,0.0107951961571671
2025-09-04,-0.0250862494408079
2025-09-05,0.0094717798313723
2025-09-06,-0.0062023950522167
2025-09-07,0.014827230728051
2025-09-08,0.0236444033615921
2025-09-09,-0.0034284310260008
2025-09-10,0.014874733547103
2025-09-11,0.0158832639041359
2025-09-12,0.0172586893150478
2025-09-13,0.0003120164437694
2025-09-14,-0.0201315786510442
2025-09-15,-0.0112427500339022
2025-09-16,0.0053270313008717
2025-09-17,0.0183319330189415
2025-09-18,0.0098389195758677
2025-09-19,-0.0218251560106987
2025-09-20,0.0017313013838919
2025-09-21,-0.0115397375681648
2025-09-22,-0.0349229988201069
2025-09-23,-0.0119189976738451
2025-09-24,0.0081041109115775
2025-09-25,-0.0439832544878633
2025-09-26,0.024711321742037
2025-09-27,-0.0043406198860222
2025-09-28,0.0177949333151182
2025-09-29,0.0056268045285926
2025-09-30,-0.0043980522669923
2025-10-01,0.042688397286933
2025-10-02,0.012071220775625
2025-10-03,0.0134477738974778
2025-10-04,-0.0129803588195294
2025-10-05,0.0066920355142231
2025-10-06,0.0236452251559404
2025-10-07,-0.0204077328443012
2025-10-08,0.0159105333019202
2025-10-09,-0.020253068392732
2025-10-10,-0.1000273123334719
2025-10-11,-0.0104695838181335
2025-10-12,0.0611433341933358
2025-10-13,0.0164435645879129
2025-10-14,-0.0231055846089449
2025-10-15,-0.0152938321865176
2025-10-16,-0.0071596911093968
2025-10-17,-0.0422414982807511
2025-10-18,0.008310860908448
2025-10-19,0.0147910302379237
2025-10-20,0.0155086124008318
2025-10-21,-0.0331274504413663
2025-10-22,-0.0096236097286253
2025-10-23,0.0111058703734652
2025-10-24,0.0032526643616946
2025-10-25,0.0008299347508496
2025-10-26,0.0236774766136541
2025-10-27,-0.0128265083321644
2025-10-28,-0.0158432875936911
2025-10-29,-0.0004515473016394
2025-10-30,-0.0232325054913204
2025-10-31,0.0041944756176185
2025-11-02,0.0044039896107996
2025-11-03,-0.0245965111154797
2025-11-04,-0.03795090878156
2025-11-05,0.0120248866688082
2025-11-06,-0.0221903481571734
2025-11-07,0.1188461145027025
2025-11-08,-0.0360028371324246
2025-11-09,0.0108186791796873
2025-11-10,-0.012682769767877
2025-11-11,-0.0415155766335025
2025-11-12,0.0155378843146719
2025-11-13,-0.0121851589016363
2025-11-14,0.012351938019242
2025-11-15,0.0417855053078935
2025-11-16,-0.0230398849479727
2025-11-17,-0.037338756511094
2025-11-18,0.025476638305116
2025-11-19,-0.0095299836287753
2025-11-20,-0.055033059346513
2025-11-21,-0.0321782998005232
2025-11-22,-0.0021861553664908
2025-11-23,0.0201016430465517
2025-11-24,0.0056555792300277
2025-11-25,-0.0056817200613211
2025-11-26,0.0368322749292873
2025-11-27,-0.0391425664475282
2025-11-28,0.0038527830314298
2025-11-29,-0.0168136522386751
2025-11-30,-0.0015569266473534
2025-12-01,-0.0622954043394224
2025-12-02,0.0255853343523485
2025-12-03,0.0212135661965473
2025-12-04,-0.0027249691329469
2025-12-05,-0.0143074805721724
2025-12-06,0.0065750745450195
2025-12-07,-0.0122335486843374
2025-12-08,0.0175741869037318
2025-12-09,0.0512586095585948
2025-12-10,-0.0046086604888983
2025-12-11,0.0099720617331373
2025-12-12,-0.0048059910843156
2025-12-13,0.0157283416544945
2025-12-14,-0.0153888715958262
2025-12-15,0.0098599512986514
2025-12-16,-0.0061745381277301
2025-12-17,-0.0121820185260709
2025-12-18,-0.0119703464215467
2025-12-19,0.0303938755169033
2025-12-20,0.0005051802857414
2025-12-21,0.012723449299132
2025-12-22,-0.0059527534005066
2025-12-23,0.0026076779665066
2025-12-24,0.0135132087237281
2025-12-25,-0.0085394066213656
2025-12-26,0.0104608803909323
2025-12-27,0.0238657188892278
2025-12-28,-0.001384214271631
2025-12-29,-0.0144485402595596
2025-12-30,0.0025957689928404
2025-12-31,-0.0014390651118281
2026-01-02,0.005256963720045
2026-01-03,0.0369399645952055
2026-01-04,0.0045790084316448
2026-01-05,0.0121397825745274
2026-01-06,0.0095959772633374
2026-01-07,-0.0193674753928415
2026-01-08,-0.0090612294709729
2026-01-09,0.0032881318278306
2026-01-10,-0.0118358234724157
2026-01-11,0.0017539864432593
2026-01-12,0.0074776454880427
2026-01-13,0.0122191385887987
2026-01-14,0.0074197209735576
2026-01-15,-0.0056969721356378
2026-01-16,0.0042851256535887
2026-01-17,-0.0112724109553781
2026-01-18,-0.0076740159996114
2026-01-19,-0.0060956815431857
2026-01-20,-0.0268322634750735
2026-01-21,0.0202883286834649
2026-01-22,0.0151858466731026
2026-01-23,-0.0055271618629145
2026-01-24,0.0107558611690774
2026-01-25,-0.0347778334143035
2026-01-26,0.0226906227292522
2026-01-27,0.0143516293225379
2026-01-28,0.0154626988836901
2026-01-29,-0.0406118427186609
2026-01-30,-0.0438699980665859
2026-01-31,-0.022569335654567
2026-02-02,0.0252386520039428
2026-02-03,-0.0365648558294075
2026-02-04,-0.0268639645612114
2026-02-05,-0.1400911712798414
2026-02-06,0.1104952735839078
2026-02-07,0.0036278579459468
2026-02-08,0.0015258154507822
2026-02-09,0.0044823548142493
2026-02-10,-0.026375878058673
2026-02-11,-0.0151793015287461
2026-02-12,0.0004250556914325
2026-02-13,0.0566400756875647
2026-02-14,0.0476685793232393
2026-02-15,-0.0331044971415397
2026-02-16,0.0177715147656682
2026-02-17,-0.0100747991954488
2026-02-18,-0.0368166919198055
2026-02-19,-0.0008567940629916
2026-02-20,0.0128779080923676
2026-02-21,-0.0001528868559548
2026-02-22,-0.0140787987580998
2026-02-23,-0.0331924786461816
2026-02-24,0.0083470351952909
2026-02-25,0.0475823123626788
2026-02-26,-0.0077390515711143
2026-02-27,-0.0308548869218867
2026-02-28,0.007912999347567
2026-03-01,-0.0125681524151136
2026-03-02,0.0302990727394407
2026-03-03,-0.0104428400089358
2026-03-04,0.030803883448771215
2026-03-05,-0.009385453027135972
2026-03-06,-0.030202034307434882
2026-03-07,-0.007799883751511704
2026-03-08,-0.011591509899654975
2026-03-09,0.030918867231717276
2026-03-10,0.016664269737886435
2026-03-11,0.007100229997230645
2026-03-12,-0.0016987570887227867
2026-03-13,-0.0011660931117569962
2026-03-14,0.004900598722034273
2026-03-15,0.02880126266665335
2026-03-16,0.04309846136337327
2026-03-17,-0.003560289695984845
2026-03-18,-0.025884027593844165
2026-03-19,-0.022197185322340458
2026-03-20,0.012599550362654087
2026-03-21,-0.023034005664957058
2026-03-22,-0.019510756196461195
2026-03-23,0.03592567823936505
2026-03-24,0.005833122915145619
2026-03-25,-0.0010392166318439252
2026-03-26,-0.027236099785443783
2026-03-27,-0.031816288087695606
2026-03-28,0.004703778316278876
2026-03-29,-0.009222447448970637
2026-03-30,0.011958934550621372
2026-03-31,0.024345077638126697
