date,Close
2021-08-02,2606.93
2021-08-03,2509.04
2021-08-04,2724.78
2021-08-05,2826.99
2021-08-06,2891.58
2021-08-07,3160.31
2021-08-08,3011.85
2021-08-09,3160.52
2021-08-10,3141.66
2021-08-11,3160.5
2021-08-12,3045.96
2021-08-13,3322.32
2021-08-14,3263.16
2021-08-15,3307.09
2021-08-16,3146.53
2021-08-17,3011.72
2021-08-18,3014.55
2021-08-19,3184.12
2021-08-20,3284.82
2021-08-21,3223.43
2021-08-22,3238.0
2021-08-23,3321.28
2021-08-24,3170.62
2021-08-25,3226.87
2021-08-26,3093.2
2021-08-27,3273.45
2021-08-28,3244.48
2021-08-29,3223.47
2021-08-30,3229.64
2021-08-31,3429.2
2021-09-01,3826.82
2021-09-02,3785.82
2021-09-03,3938.11
2021-09-04,3885.52
2021-09-05,3950.29
2021-09-06,3926.77
2021-09-07,3434.57
2021-09-08,3499.0
2021-09-09,3424.93
2021-09-10,3208.86
2021-09-11,3267.21
2021-09-12,3404.21
2021-09-13,3285.35
2021-09-14,3434.37
2021-09-15,3613.55
2021-09-16,3567.98
2021-09-17,3399.81
2021-09-18,3435.64
2021-09-19,3328.62
2021-09-20,2977.28
2021-09-21,2765.9
2021-09-22,3076.92
2021-09-23,3152.5
2021-09-24,2928.53
2021-09-25,2921.73
2021-09-26,3059.37
2021-09-27,2925.59
2021-09-28,2804.91
2021-09-29,2850.45
2021-09-30,3000.61
2021-10-01,3309.91
2021-10-02,3387.76
2021-10-03,3417.73
2021-10-04,3386.31
2021-10-05,3515.27
2021-10-06,3574.89
2021-10-07,3587.47
2021-10-08,3563.13
2021-10-09,3574.82
2021-10-10,3414.22
2021-10-11,3542.12
2021-10-12,3491.46
2021-10-13,3607.42
2021-10-14,3790.82
2021-10-15,3868.99
2021-10-16,3829.96
2021-10-17,3846.85
2021-10-18,3744.96
2021-10-19,3877.03
2021-10-20,4161.15
2021-10-21,4052.99
2021-10-22,3972.2
2021-10-23,4167.12
2021-10-24,4082.33
2021-10-25,4220.37
2021-10-26,4131.52
2021-10-27,3922.0
2021-10-28,4286.02
2021-10-29,4418.89
2021-10-30,4322.68
2021-10-31,4287.21
2021-11-01,4319.43
2021-11-02,4589.89
2021-11-03,4603.35
2021-11-04,4532.32
2021-11-05,4474.24
2021-11-06,4518.0
2021-11-07,4612.59
2021-11-08,4807.98
2021-11-09,4732.33
2021-11-10,4628.78
2021-11-11,4719.0
2021-11-12,4665.46
2021-11-13,4644.28
2021-11-14,4626.5
2021-11-15,4563.78
2021-11-16,4209.76
2021-11-17,4287.8
2021-11-18,3996.9
2021-11-19,4294.76
2021-11-20,4412.17
2021-11-21,4258.31
2021-11-22,4085.97
2021-11-23,4339.44
2021-11-24,4269.36
2021-11-25,4524.85
2021-11-26,4041.2
2021-11-27,4095.29
2021-11-28,4294.78
2021-11-29,4444.53
2021-11-30,4630.26
2021-12-01,4582.95
2021-12-02,4511.21
2021-12-03,4215.73
2021-12-04,4117.25
2021-12-05,4196.44
2021-12-06,4347.59
2021-12-07,4306.4
2021-12-08,4436.91
2021-12-09,4105.64
2021-12-10,3897.94
2021-12-11,4089.37
2021-12-12,4130.0
2021-12-13,3781.93
2021-12-14,3858.99
2021-12-15,4019.08
2021-12-16,3958.11
2021-12-17,3875.42
2021-12-18,3959.93
2021-12-19,3924.14
2021-12-20,3944.73
2021-12-21,4014.15
2021-12-22,3979.51
2021-12-23,4111.41
2021-12-24,4046.36
2021-12-25,4094.83
2021-12-26,4063.56
2021-12-27,4037.23
2021-12-28,3792.75
2021-12-29,3630.19
2021-12-30,3709.27
2021-12-31,3676.23
2022-01-01,3765.54
2022-01-02,3828.27
2022-01-03,3765.89
2022-01-04,3785.11
2022-01-05,3540.63
2022-01-06,3406.81
2022-01-07,3199.24
2022-01-08,3080.95
2022-01-09,3151.97
2022-01-10,3082.68
2022-01-11,3239.72
2022-01-12,3371.26
2022-01-13,3240.61
2022-01-14,3307.42
2022-01-15,3326.04
2022-01-16,3346.88
2022-01-17,3209.67
2022-01-18,3159.85
2022-01-19,3084.02
2022-01-20,3001.48
2022-01-21,2568.15
2022-01-22,2412.18
2022-01-23,2539.01
2022-01-24,2439.29
2022-01-25,2458.83
2022-01-26,2462.99
2022-01-27,2424.25
2022-01-28,2544.99
2022-01-29,2601.43
2022-01-30,2601.68
2022-01-31,2686.94
2022-02-01,2787.23
2022-02-02,2680.67
2022-02-03,2695.46
2022-02-04,2994.99
2022-02-05,3012.65
2022-02-06,3054.99
2022-02-07,3139.77
2022-02-08,3116.69
2022-02-09,3243.94
2022-02-10,3072.49
2022-02-11,2927.54
2022-02-12,2918.88
2022-02-13,2871.13
2022-02-14,2929.75
2022-02-15,3183.52
2022-02-16,3122.3
2022-02-17,2891.87
2022-02-18,2779.48
2022-02-19,2763.63
2022-02-20,2621.99
2022-02-21,2568.02
2022-02-22,2636.29
2022-02-23,2579.71
2022-02-24,2596.2
2022-02-25,2768.49
2022-02-26,2779.47
2022-02-27,2616.79
2022-02-28,2920.95
2022-03-01,2976.33
2022-03-02,2947.3
2022-03-03,2833.99
2022-03-04,2622.1
2022-03-05,2665.15
2022-03-06,2551.29
2022-03-07,2491.12
2022-03-08,2575.97
2022-03-09,2726.98
2022-03-10,2606.7
2022-03-11,2556.86
2022-03-12,2568.8
2022-03-13,2515.65
2022-03-14,2589.41
2022-03-15,2617.73
2022-03-16,2773.81
2022-03-17,2811.92
2022-03-18,2938.92
2022-03-19,2950.84
2022-03-20,2861.38
2022-03-21,2890.03
2022-03-22,2969.64
2022-03-23,3036.0
2022-03-24,3110.76
2022-03-25,3102.14
2022-03-26,3145.0
2022-03-27,3295.65
2022-03-28,3332.92
2022-03-29,3400.51
2022-03-30,3385.79
2022-03-31,3281.51
2022-04-01,3455.21
2022-04-02,3443.77
2022-04-03,3521.91
2022-04-04,3519.5
2022-04-05,3406.99
2022-04-06,3168.51
2022-04-07,3227.19
2022-04-08,3192.39
2022-04-09,3258.57
2022-04-10,3203.04
2022-04-11,2979.74
2022-04-12,3027.66
2022-04-13,3118.28
2022-04-14,3021.98
2022-04-15,3040.56
2022-04-16,3059.3
2022-04-17,2988.06
2022-04-18,3055.56
2022-04-19,3101.77
2022-04-20,3076.04
2022-04-21,2983.58
2022-04-22,2962.39
2022-04-23,2933.03
2022-04-24,2921.0
2022-04-25,3006.62
2022-04-26,2809.67
2022-04-27,2888.96
2022-04-28,2936.93
2022-04-29,2817.13
2022-04-30,2726.66
2022-05-01,2824.81
2022-05-02,2856.54
2022-05-03,2781.7
2022-05-04,2940.64
2022-05-05,2747.97
2022-05-06,2692.85
2022-05-07,2635.34
2022-05-08,2519.71
2022-05-09,2228.55
2022-05-10,2342.05
2022-05-11,2084.99
2022-05-12,1960.22
2022-05-13,2009.69
2022-05-14,2056.48
2022-05-15,2145.29
2022-05-16,2023.66
2022-05-17,2090.72
2022-05-18,1915.11
2022-05-19,2019.55
2022-05-20,1959.08
2022-05-21,1975.07
2022-05-22,2043.19
2022-05-23,1973.32
2022-05-24,1979.41
2022-05-25,1942.63
2022-05-26,1792.23
2022-05-27,1727.27
2022-05-28,1792.22
2022-05-29,1813.64
2022-05-30,1998.78
2022-05-31,1941.9
2022-06-01,1817.95
2022-06-02,1834.08
2022-06-03,1775.12
2022-06-04,1804.58
2022-06-05,1806.23
2022-06-06,1859.84
2022-06-07,1813.33
2022-06-08,1791.88
2022-06-09,1788.81
2022-06-10,1662.91
2022-06-11,1532.89
2022-06-12,1434.84
2022-06-13,1209.82
2022-06-14,1208.9
2022-06-15,1237.52
2022-06-16,1068.5
2022-06-17,1086.94
2022-06-18,995.13
2022-06-19,1128.53
2022-06-20,1128.24
2022-06-21,1125.85
2022-06-22,1050.19
2022-06-23,1144.72
2022-06-24,1225.02
2022-06-25,1242.36
2022-06-26,1197.79
2022-06-27,1192.51
2022-06-28,1144.05
2022-06-29,1100.21
2022-06-30,1071.01
2022-07-01,1059.73
2022-07-02,1067.01
2022-07-03,1074.26
2022-07-04,1151.0
2022-07-05,1132.5
2022-07-06,1186.57
2022-07-07,1237.49
2022-07-08,1214.04
2022-07-09,1217.02
2022-07-10,1168.36
2022-07-11,1096.4
2022-07-12,1038.58
2022-07-13,1115.0
2022-07-14,1193.42
2022-07-15,1231.25
2022-07-16,1355.85
2022-07-17,1338.65
2022-07-18,1581.04
2022-07-19,1542.32
2022-07-20,1521.58
2022-07-21,1575.45
2022-07-22,1535.27
2022-07-23,1548.67
2022-07-24,1597.7
2022-07-25,1440.79
2022-07-26,1449.12
2022-07-27,1635.74
2022-07-28,1724.52
2022-07-29,1721.68
2022-07-30,1697.0
2022-07-31,1678.12
2022-08-01,1630.28
2022-08-02,1630.91
2022-08-03,1618.16
2022-08-04,1607.96
2022-08-05,1736.81
2022-08-06,1690.6
2022-08-07,1700.19
2022-08-08,1777.05
2022-08-09,1702.76
2022-08-10,1853.57
2022-08-11,1880.19
2022-08-12,1958.28
2022-08-13,1983.55
2022-08-14,1935.31
2022-08-15,1899.06
2022-08-16,1876.67
2022-08-17,1834.25
2022-08-18,1846.39
2022-08-19,1609.01
2022-08-20,1576.04
2022-08-21,1618.13
2022-08-22,1624.66
2022-08-23,1665.41
2022-08-24,1656.56
2022-08-25,1695.11
2022-08-26,1508.18
2022-08-27,1491.06
2022-08-28,1426.76
2022-08-29,1551.8
2022-08-30,1524.59
2022-08-31,1554.1
2022-09-01,1586.16
2022-09-02,1575.35
2022-09-03,1557.46
2022-09-04,1579.28
2022-09-05,1617.8
2022-09-06,1559.01
2022-09-07,1630.0
2022-09-08,1635.37
2022-09-09,1718.23
2022-09-10,1774.12
2022-09-11,1766.11
2022-09-12,1716.37
2022-09-13,1574.4
2022-09-14,1638.39
2022-09-15,1472.75
2022-09-16,1433.9
2022-09-17,1468.83
2022-09-18,1334.51
2022-09-19,1375.98
2022-09-20,1322.93
2022-09-21,1245.78
2022-09-22,1326.46
2022-09-23,1327.25
2022-09-24,1317.13
2022-09-25,1294.63
2022-09-26,1336.17
2022-09-27,1328.02
2022-09-28,1337.2
2022-09-29,1335.7
2022-09-30,1328.72
2022-10-01,1311.79
2022-10-02,1276.72
2022-10-03,1323.09
2022-10-04,1361.49
2022-10-05,1352.2
2022-10-06,1352.06
2022-10-07,1331.1
2022-10-08,1315.48
2022-10-09,1323.13
2022-10-10,1290.03
2022-10-11,1280.11
2022-10-12,1294.44
2022-10-13,1287.08
2022-10-14,1296.27
2022-10-15,1274.92
2022-10-16,1305.95
2022-10-17,1331.4
2022-10-18,1310.71
2022-10-19,1285.09
2022-10-20,1282.57
2022-10-21,1299.75
2022-10-22,1313.61
2022-10-23,1364.2
2022-10-24,1343.61
2022-10-25,1459.74
2022-10-26,1566.1
2022-10-27,1514.05
2022-10-28,1554.41
2022-10-29,1619.55
2022-10-30,1590.44
2022-10-31,1572.69
2022-11-01,1578.48
2022-11-02,1518.34
2022-11-03,1531.01
2022-11-04,1644.78
2022-11-05,1626.98
2022-11-06,1568.29
2022-11-07,1568.1
2022-11-08,1334.77
2022-11-09,1102.73
2022-11-10,1299.28
2022-11-11,1289.28
2022-11-12,1257.25
2022-11-13,1221.49
2022-11-14,1243.28
2022-11-15,1253.23
2022-11-16,1216.17
2022-11-17,1200.43
2022-11-18,1212.58
2022-11-19,1217.67
2022-11-20,1142.21
2022-11-21,1107.34
2022-11-22,1139.6
2022-11-23,1184.52
2022-11-24,1203.73
2022-11-25,1199.3
2022-11-26,1205.6
2022-11-27,1193.88
2022-11-28,1167.77
2022-11-29,1216.49
2022-11-30,1294.46
2022-12-01,1276.41
2022-12-02,1295.59
2022-12-03,1240.51
2022-12-04,1279.41
2022-12-05,1259.41
2022-12-06,1271.32
2022-12-07,1231.18
2022-12-08,1280.18
2022-12-09,1263.1
2022-12-10,1266.35
2022-12-11,1263.01
2022-12-12,1275.4
2022-12-13,1320.69
2022-12-14,1307.44
2022-12-15,1266.54
2022-12-16,1166.83
2022-12-17,1187.16
2022-12-18,1183.06
2022-12-19,1167.82
2022-12-20,1216.94
2022-12-21,1213.78
2022-12-22,1217.71
2022-12-23,1219.99
2022-12-24,1220.41
2022-12-25,1218.51
2022-12-26,1228.11
2022-12-27,1211.55
2022-12-28,1190.15
2022-12-29,1200.49
2022-12-30,1199.99
2022-12-31,1196.13
2023-01-01,1200.34
2023-01-02,1214.0
2023-01-03,1214.55
2023-01-04,1256.9
2023-01-05,1251.24
2023-01-06,1269.14
2023-01-07,1264.07
2023-01-08,1290.16
2023-01-09,1320.39
2023-01-10,1335.62
2023-01-11,1389.39
2023-01-12,1415.92
2023-01-13,1451.2
2023-01-14,1549.9
2023-01-15,1552.52
2023-01-16,1576.94
2023-01-17,1565.57
2023-01-18,1511.43
2023-01-19,1551.09
2023-01-20,1658.52
2023-01-21,1626.66
2023-01-22,1627.44
2023-01-23,1626.29
2023-01-24,1555.97
2023-01-25,1611.94
2023-01-26,1601.09
2023-01-27,1597.62
2023-01-28,1572.1
2023-01-29,1644.72
2023-01-30,1566.2
2023-01-31,1585.33
2023-02-01,1641.68
2023-02-02,1643.12
2023-02-03,1663.52
2023-02-04,1666.38
2023-02-05,1629.02
2023-02-06,1614.29
2023-02-07,1671.03
2023-02-08,1650.43
2023-02-09,1545.35
2023-02-10,1513.06
2023-02-11,1538.51
2023-02-12,1514.83
2023-02-13,1505.24
2023-02-14,1555.71
2023-02-15,1674.92
2023-02-16,1637.84
2023-02-17,1693.87
2023-02-18,1691.62
2023-02-19,1679.75
2023-02-20,1703.27
2023-02-21,1659.76
2023-02-22,1643.14
2023-02-23,1650.53
2023-02-24,1607.8
2023-02-25,1594.58
2023-02-26,1641.36
2023-02-27,1633.45
2023-02-28,1605.23
2023-03-01,1665.22
2023-03-02,1647.86
2023-03-03,1569.45
2023-03-04,1566.73
2023-03-05,1564.58
2023-03-06,1565.84
2023-03-07,1561.96
2023-03-08,1532.38
2023-03-09,1437.32
2023-03-10,1426.44
2023-03-11,1471.97
2023-03-12,1580.33
2023-03-13,1673.45
2023-03-14,1699.4
2023-03-15,1649.96
2023-03-16,1673.73
2023-03-17,1789.27
2023-03-18,1758.84
2023-03-19,1780.68
2023-03-20,1732.78
2023-03-21,1801.23
2023-03-22,1734.33
2023-03-23,1813.79
2023-03-24,1749.57
2023-03-25,1741.88
2023-03-26,1773.88
2023-03-27,1715.22
2023-03-28,1772.99
2023-03-29,1793.07
2023-03-30,1793.61
2023-03-31,1821.52
2023-04-01,1820.79
2023-04-02,1794.51
2023-04-03,1810.51
2023-04-04,1870.37
2023-04-05,1908.69
2023-04-06,1872.41
2023-04-07,1863.72
2023-04-08,1848.82
2023-04-09,1858.92
2023-04-10,1910.2
2023-04-11,1889.86
2023-04-12,1917.39
2023-04-13,2012.01
2023-04-14,2099.99
2023-04-15,2090.6
2023-04-16,2118.67
2023-04-17,2074.0
2023-04-18,2103.5
2023-04-19,1933.73
2023-04-20,1942.98
2023-04-21,1848.78
2023-04-22,1874.16
2023-04-23,1862.0
2023-04-24,1841.84
2023-04-25,1866.1
2023-04-26,1866.01
2023-04-27,1908.68
2023-04-28,1890.94
2023-04-29,1907.8
2023-04-30,1870.09
2023-05-01,1830.73
2023-05-02,1870.08
2023-05-03,1905.12
2023-05-04,1877.07
2023-05-05,1993.3
2023-05-06,1896.33
2023-05-07,1870.4
2023-05-08,1847.56
2023-05-09,1846.52
2023-05-10,1840.84
2023-05-11,1794.3
2023-05-12,1807.45
2023-05-13,1795.11
2023-05-14,1799.21
2023-05-15,1816.2
2023-05-16,1824.21
2023-05-17,1822.12
2023-05-18,1800.56
2023-05-19,1812.32
2023-05-20,1819.42
2023-05-21,1804.91
2023-05-22,1817.35
2023-05-23,1854.05
2023-05-24,1799.89
2023-05-25,1805.6
2023-05-26,1827.79
2023-05-27,1829.89
2023-05-28,1908.64
2023-05-29,1892.6
2023-05-30,1900.59
2023-05-31,1873.63
2023-06-01,1861.78
2023-06-02,1906.68
2023-06-03,1892.06
2023-06-04,1890.01
2023-06-05,1810.5
2023-06-06,1884.64
2023-06-07,1832.13
2023-06-08,1845.64
2023-06-09,1840.37
2023-06-10,1751.53
2023-06-11,1752.76
2023-06-12,1742.57
2023-06-13,1740.12
2023-06-14,1650.95
2023-06-15,1666.96
2023-06-16,1717.92
2023-06-17,1727.76
2023-06-18,1720.95
2023-06-19,1737.11
2023-06-20,1791.99
2023-06-21,1889.11
2023-06-22,1872.01
2023-06-23,1892.63
2023-06-24,1874.96
2023-06-25,1898.8
2023-06-26,1858.97
2023-06-27,1889.58
2023-06-28,1828.02
2023-06-29,1851.99
2023-06-30,1933.79
2023-07-01,1924.5
2023-07-02,1937.48
2023-07-03,1955.54
2023-07-04,1936.2
2023-07-05,1910.36
2023-07-06,1846.17
2023-07-07,1870.91
2023-07-08,1865.24
2023-07-09,1862.8
2023-07-10,1880.4
2023-07-11,1878.3
2023-07-12,1871.82
2023-07-13,2004.49
2023-07-14,1937.83
2023-07-15,1931.41
2023-07-16,1922.11
2023-07-17,1911.2
2023-07-18,1897.21
2023-07-19,1888.63
2023-07-20,1891.59
2023-07-21,1891.73
2023-07-22,1866.52
2023-07-23,1888.73
2023-07-24,1850.0
2023-07-25,1857.66
2023-07-26,1872.0
2023-07-27,1861.28
2023-07-28,1874.19
2023-07-29,1880.46
2023-07-30,1861.79
2023-07-31,1856.14
2023-08-01,1873.47
2023-08-02,1839.9
2023-08-03,1835.81
2023-08-04,1830.23
2023-08-05,1836.48
2023-08-06,1830.28
2023-08-07,1829.1
2023-08-08,1856.3
2023-08-09,1855.35
2023-08-10,1852.47
2023-08-11,1848.84
2023-08-12,1849.93
2023-08-13,1840.73
2023-08-14,1845.5
2023-08-15,1828.98
2023-08-16,1807.81
2023-08-17,1681.49
2023-08-18,1661.59
2023-08-19,1669.67
2023-08-20,1685.24
2023-08-21,1667.55
2023-08-22,1634.99
2023-08-23,1679.61
2023-08-24,1661.16
2023-08-25,1653.8
2023-08-26,1647.04
2023-08-27,1658.33
2023-08-28,1653.08
2023-08-29,1729.42
2023-08-30,1705.23
2023-08-31,1645.76
2023-09-01,1629.12
2023-09-02,1637.03
2023-09-03,1635.84
2023-09-04,1630.51
2023-09-05,1634.45
2023-09-06,1633.15
2023-09-07,1648.11
2023-09-08,1636.44
2023-09-09,1635.54
2023-09-10,1617.42
2023-09-11,1551.85
2023-09-12,1592.97
2023-09-13,1607.62
2023-09-14,1626.47
2023-09-15,1641.29
2023-09-16,1634.4
2023-09-17,1622.48
2023-09-18,1636.66
2023-09-19,1643.12
2023-09-20,1622.26
2023-09-21,1583.94
2023-09-22,1593.08
2023-09-23,1593.86
2023-09-24,1580.71
2023-09-25,1588.33
2023-09-26,1594.01
2023-09-27,1598.64
2023-09-28,1652.99
2023-09-29,1667.45
2023-09-30,1670.89
2023-10-01,1733.79
2023-10-02,1662.4
2023-10-03,1656.88
2023-10-04,1646.58
2023-10-05,1611.79
2023-10-06,1645.03
2023-10-07,1633.57
2023-10-08,1632.84
2023-10-09,1580.13
2023-10-10,1567.63
2023-10-11,1566.87
2023-10-12,1539.61
2023-10-13,1552.16
2023-10-14,1554.94
2023-10-15,1557.77
2023-10-16,1599.42
2023-10-17,1565.01
2023-10-18,1563.44
2023-10-19,1566.57
2023-10-20,1603.89
2023-10-21,1628.94
2023-10-22,1663.7
2023-10-23,1765.46
2023-10-24,1784.98
2023-10-25,1787.15
2023-10-26,1803.38
2023-10-27,1779.4
2023-10-28,1776.2
2023-10-29,1795.14
2023-10-30,1809.04
2023-10-31,1814.67
2023-11-01,1846.99
2023-11-02,1800.8
2023-11-03,1832.71
2023-11-04,1855.54
2023-11-05,1891.71
2023-11-06,1900.95
2023-11-07,1885.27
2023-11-08,1888.12
2023-11-09,2121.32
2023-11-10,2077.72
2023-11-11,2053.17
2023-11-12,2044.68
2023-11-13,2053.65
2023-11-14,1979.39
2023-11-15,2058.48
2023-11-16,1961.77
2023-11-17,1960.82
2023-11-18,1962.6
2023-11-19,2011.47
2023-11-20,2021.4
2023-11-21,1933.01
2023-11-22,2063.21
2023-11-23,2062.2
2023-11-24,2080.84
2023-11-25,2083.09
2023-11-26,2062.33
2023-11-27,2027.5
2023-11-28,2048.14
2023-11-29,2028.81
2023-11-30,2051.96
2023-12-01,2087.24
2023-12-02,2164.74
2023-12-03,2192.95
2023-12-04,2243.37
2023-12-05,2293.33
2023-12-06,2232.7
2023-12-07,2355.73
2023-12-08,2358.72
2023-12-09,2340.49
2023-12-10,2352.39
2023-12-11,2225.12
2023-12-12,2203.46
2023-12-13,2260.16
2023-12-14,2315.32
2023-12-15,2220.5
2023-12-16,2228.96
2023-12-17,2196.52
2023-12-18,2219.43
2023-12-19,2177.91
2023-12-20,2202.17
2023-12-21,2239.61
2023-12-22,2324.54
2023-12-23,2308.2
2023-12-24,2264.05
2023-12-25,2271.35
2023-12-26,2230.88
2023-12-27,2378.35
2023-12-28,2344.15
2023-12-29,2299.2
2023-12-30,2291.68
2023-12-31,2281.87
2024-01-01,2352.04
2024-01-02,2355.34
2024-01-03,2209.72
2024-01-04,2267.11
2024-01-05,2268.78
2024-01-06,2240.78
2024-01-07,2221.42
2024-01-08,2330.44
2024-01-09,2344.29
2024-01-10,2584.38
2024-01-11,2618.01
2024-01-12,2522.54
2024-01-13,2578.19
2024-01-14,2472.87
2024-01-15,2511.78
2024-01-16,2587.4
2024-01-17,2530.19
2024-01-18,2470.81
2024-01-19,2492.0
2024-01-20,2472.01
2024-01-21,2457.05
2024-01-22,2314.2
2024-01-23,2242.6
2024-01-24,2235.02
2024-01-25,2218.64
2024-01-26,2267.68
2024-01-27,2267.94
2024-01-28,2256.9
2024-01-29,2317.6
2024-01-30,2343.01
2024-01-31,2283.14
2024-02-01,2304.28
2024-02-02,2309.06
2024-02-03,2296.49
2024-02-04,2289.79
2024-02-05,2301.83
2024-02-06,2372.64
2024-02-07,2425.1
2024-02-08,2419.55
2024-02-09,2486.56
2024-02-10,2500.24
2024-02-11,2507.21
2024-02-12,2659.99
2024-02-13,2639.99
2024-02-14,2774.81
2024-02-15,2822.59
2024-02-16,2801.8
2024-02-17,2785.93
2024-02-18,2881.2
2024-02-19,2944.8
2024-02-20,3014.81
2024-02-21,2967.9
2024-02-22,2971.4
2024-02-23,2922.24
2024-02-24,2992.62
2024-02-25,3112.59
2024-02-26,3175.94
2024-02-27,3242.36
2024-02-28,3383.1
2024-02-29,3340.09
2024-03-01,3433.43
2024-03-02,3421.4
2024-03-03,3487.81
2024-03-04,3627.76
2024-03-05,3553.65
2024-03-06,3818.59
2024-03-07,3868.76
2024-03-08,3883.36
2024-03-09,3905.21
2024-03-10,3878.47
2024-03-11,4064.8
2024-03-12,3979.96
2024-03-13,4004.79
2024-03-14,3881.7
2024-03-15,3742.19
2024-03-16,3523.09
2024-03-17,3644.71
2024-03-18,3520.46
2024-03-19,3158.64
2024-03-20,3516.53
2024-03-21,3492.85
2024-03-22,3336.35
2024-03-23,3329.53
2024-03-24,3454.98
2024-03-25,3590.42
2024-03-26,3587.33
2024-03-27,3501.19
2024-03-28,3560.49
2024-03-29,3509.74
2024-03-30,3505.64
2024-03-31,3645.29
2024-04-01,3503.8
2024-04-02,3278.96
2024-04-03,3310.83
2024-04-04,3327.4
2024-04-05,3317.85
2024-04-06,3351.59
2024-04-07,3454.2
2024-04-08,3694.61
2024-04-09,3506.39
2024-04-10,3545.64
2024-04-11,3502.52
2024-04-12,3237.43
2024-04-13,3007.01
2024-04-14,3155.11
2024-04-15,3101.99
2024-04-16,3084.22
2024-04-17,2985.41
2024-04-18,3064.4
2024-04-19,3056.46
2024-04-20,3155.79
2024-04-21,3147.67
2024-04-22,3200.2
2024-04-23,3219.46
2024-04-24,3140.8
2024-04-25,3155.8
2024-04-26,3131.3
2024-04-27,3255.56
2024-04-28,3263.45
2024-04-29,3216.73
2024-04-30,3014.05
2024-05-01,2972.46
2024-05-02,2986.19
2024-05-03,3102.61
2024-05-04,3117.23
2024-05-05,3136.41
2024-05-06,3062.6
2024-05-07,3005.69
2024-05-08,2974.21
2024-05-09,3036.23
2024-05-10,2909.99
2024-05-11,2912.45
2024-05-12,2929.29
2024-05-13,2950.99
2024-05-14,2881.93
2024-05-15,3032.55
2024-05-16,2944.7
2024-05-17,3092.01
2024-05-18,3122.94
2024-05-19,3071.19
2024-05-20,3661.78
2024-05-21,3789.6
2024-05-22,3737.73
2024-05-23,3783.61
2024-05-24,3728.28
2024-05-25,3749.26
2024-05-26,3826.47
2024-05-27,3894.22
2024-05-28,3844.69
2024-05-29,3767.43
2024-05-30,3747.91
2024-05-31,3762.29
2024-06-01,3815.82
2024-06-02,3780.91
2024-06-03,3767.06
2024-06-04,3810.23
2024-06-05,3865.99
2024-06-06,3813.46
2024-06-07,3678.32
2024-06-08,3681.57
2024-06-09,3706.4
2024-06-10,3667.85
2024-06-11,3497.33
2024-06-12,3560.12
2024-06-13,3469.4
2024-06-14,3481.8
2024-06-15,3568.74
2024-06-16,3624.41
2024-06-17,3511.46
2024-06-18,3483.42
2024-06-19,3560.51
2024-06-20,3513.08
2024-06-21,3518.5
2024-06-22,3495.75
2024-06-23,3420.91
2024-06-24,3352.73
2024-06-25,3394.91
2024-06-26,3371.44
2024-06-27,3450.44
2024-06-28,3380.15
2024-06-29,3378.8
2024-06-30,3438.16
2024-07-01,3442.2
2024-07-02,3421.35
2024-07-03,3295.48
2024-07-04,3059.7
2024-07-05,2981.78
2024-07-06,3066.83
2024-07-07,2931.0
2024-07-08,3019.01
2024-07-09,3066.65
2024-07-10,3101.05
2024-07-11,3099.57
2024-07-12,3133.88
2024-07-13,3175.93
2024-07-14,3245.08
2024-07-15,3483.39
2024-07-16,3444.13
2024-07-17,3387.05
2024-07-18,3426.5
2024-07-19,3503.53
2024-07-20,3517.5
2024-07-21,3535.92
2024-07-22,3439.6
2024-07-23,3482.51
2024-07-24,3335.81
2024-07-25,3175.48
2024-07-26,3274.61
2024-07-27,3249.01
2024-07-28,3270.16
2024-07-29,3317.66
2024-07-30,3279.21
2024-07-31,3232.74
2024-08-01,3203.4
2024-08-02,2989.61
2024-08-03,2903.64
2024-08-04,2688.92
2024-08-05,2419.59
2024-08-06,2461.33
2024-08-07,2342.8
2024-08-08,2682.5
2024-08-09,2598.78
2024-08-10,2609.92
2024-08-11,2555.38
2024-08-12,2722.3
2024-08-13,2702.44
2024-08-14,2661.45
2024-08-15,2569.89
2024-08-16,2592.73
2024-08-17,2614.51
2024-08-18,2612.15
2024-08-19,2636.36
2024-08-20,2572.82
2024-08-21,2630.71
2024-08-22,2622.88
2024-08-23,2762.48
2024-08-24,2768.0
2024-08-25,2746.13
2024-08-26,2680.49
2024-08-27,2457.33
2024-08-28,2528.33
2024-08-29,2527.61
2024-08-30,2526.0
2024-08-31,2513.01
2024-09-01,2425.72
2024-09-02,2538.01
2024-09-03,2425.29
2024-09-04,2450.71
2024-09-05,2368.81
2024-09-06,2225.23
2024-09-07,2273.58
2024-09-08,2297.3
2024-09-09,2359.5
2024-09-10,2388.52
2024-09-11,2340.55
2024-09-12,2361.76
2024-09-13,2439.19
2024-09-14,2417.79
2024-09-15,2316.1
2024-09-16,2295.68
2024-09-17,2341.8
2024-09-18,2374.75
2024-09-19,2465.21
2024-09-20,2561.4
2024-09-21,2612.4
2024-09-22,2581.0
2024-09-23,2646.97
2024-09-24,2653.2
2024-09-25,2579.95
2024-09-26,2632.26
2024-09-27,2694.43
2024-09-28,2675.21
2024-09-29,2657.62
2024-09-30,2602.23
2024-10-01,2447.79
2024-10-02,2364.1
2024-10-03,2349.8
2024-10-04,2414.41
2024-10-05,2414.66
2024-10-06,2440.03
2024-10-07,2422.71
2024-10-08,2440.89
2024-10-09,2370.47
2024-10-10,2386.49
2024-10-11,2439.5
2024-10-12,2476.4
2024-10-13,2468.91
2024-10-14,2629.79
2024-10-15,2607.41
2024-10-16,2611.1
2024-10-17,2605.8
2024-10-18,2642.17
2024-10-19,2648.2
2024-10-20,2746.91
2024-10-21,2666.7
2024-10-22,2622.81
2024-10-23,2524.61
2024-10-24,2535.82
2024-10-25,2440.62
2024-10-26,2482.51
2024-10-27,2507.8
2024-10-28,2567.48
2024-10-29,2638.8
2024-10-30,2659.19
2024-10-31,2518.61
2024-11-01,2511.49
2024-11-02,2494.23
2024-11-03,2457.73
2024-11-04,2398.21
2024-11-05,2422.55
2024-11-06,2721.87
2024-11-07,2895.47
2024-11-08,2961.75
2024-11-09,3126.21
2024-11-10,3183.21
2024-11-11,3371.59
2024-11-12,3243.8
2024-11-13,3187.16
2024-11-14,3058.82
2024-11-15,3090.01
2024-11-16,3132.87
2024-11-17,3076.0
2024-11-18,3207.8
2024-11-19,3107.44
2024-11-20,3069.97
2024-11-21,3355.81
2024-11-22,3327.78
2024-11-23,3393.91
2024-11-24,3361.2
2024-11-25,3414.49
2024-11-26,3324.73
2024-11-27,3653.28
2024-11-28,3578.79
2024-11-29,3592.21
2024-11-30,3703.6
2024-12-01,3707.61
2024-12-02,3643.42
2024-12-03,3614.51
2024-12-04,3837.8
2024-12-05,3785.2
2024-12-06,3998.87
2024-12-07,3996.22
2024-12-08,4004.15
2024-12-09,3712.0
2024-12-10,3628.25
2024-12-11,3831.81
2024-12-12,3881.61
2024-12-13,3906.8
2024-12-14,3870.29
2024-12-15,3959.09
2024-12-16,3986.24
2024-12-17,3893.01
2024-12-18,3626.8
2024-12-19,3417.01
2024-12-20,3472.21
2024-12-21,3338.92
2024-12-22,3281.83
2024-12-23,3422.53
2024-12-24,3493.18
2024-12-25,3497.0
2024-12-26,3335.05
2024-12-27,3333.51
2024-12-28,3404.0
2024-12-29,3356.48
2024-12-30,3361.84
2024-12-31,3337.78
2025-01-01,3360.38
2025-01-02,3455.67
2025-01-03,3609.01
2025-01-04,3656.88
2025-01-05,3635.99
2025-01-06,3687.45
2025-01-07,3381.31
2025-01-08,3327.29
2025-01-09,3219.2
2025-01-10,3267.04
2025-01-11,3282.83
2025-01-12,3267.3
2025-01-13,3137.51
2025-01-14,3225.63
2025-01-15,3451.52
2025-01-16,3308.05
2025-01-17,3473.63
2025-01-18,3307.71
2025-01-19,3215.12
2025-01-20,3284.0
2025-01-21,3327.54
2025-01-22,3242.6
2025-01-23,3338.21
2025-01-24,3310.09
2025-01-25,3318.77
2025-01-26,3232.61
2025-01-27,3182.44
2025-01-28,3077.72
2025-01-29,3113.9
2025-01-30,3247.39
2025-01-31,3300.99
2025-02-01,3117.54
2025-02-02,2869.68
2025-02-03,2879.9
2025-02-04,2731.19
2025-02-05,2788.25
2025-02-06,2686.64
2025-02-07,2622.1
2025-02-08,2632.46
2025-02-09,2627.18
2025-02-10,2661.19
2025-02-11,2602.59
2025-02-12,2738.27
2025-02-13,2675.87
2025-02-14,2725.95
2025-02-15,2693.04
2025-02-16,2661.41
2025-02-17,2744.05
2025-02-18,2671.99
2025-02-19,2715.5
2025-02-20,2738.04
2025-02-21,2663.0
2025-02-22,2763.22
2025-02-23,2819.69
2025-02-24,2513.52
2025-02-25,2495.7
2025-02-26,2336.37
2025-02-27,2307.72
2025-02-28,2237.59
2025-03-01,2217.39
2025-03-02,2518.11
2025-03-03,2149.01
2025-03-04,2171.51
2025-03-05,2241.59
2025-03-06,2202.2
2025-03-07,2141.6
2025-03-08,2203.58
2025-03-09,2020.41
2025-03-10,1865.1
2025-03-11,1923.43
2025-03-12,1908.2
2025-03-13,1864.59
2025-03-14,1911.65
2025-03-15,1937.17
2025-03-16,1887.0
2025-03-17,1926.31
2025-03-18,1931.54
2025-03-19,2056.06
2025-03-20,1983.79
2025-03-21,1965.75
2025-03-22,1980.69
2025-03-23,2005.99
2025-03-24,2081.2
2025-03-25,2066.15
2025-03-26,2009.52
2025-03-27,2003.66
2025-03-28,1896.9
2025-03-29,1828.08
2025-03-30,1807.74
2025-03-31,1822.43
2025-04-01,1904.98
2025-04-02,1795.22
2025-04-03,1817.23
2025-04-04,1816.87
2025-04-05,1806.01
2025-04-06,1580.76
2025-04-07,1553.04
2025-04-08,1473.41
2025-04-09,1669.51
2025-04-10,1522.25
2025-04-11,1566.85
2025-04-12,1644.18
2025-04-13,1597.76
2025-04-14,1623.77
2025-04-15,1588.78
2025-04-16,1577.14
2025-04-17,1583.62
2025-04-18,1588.6
2025-04-19,1613.27
2025-04-20,1587.36
2025-04-21,1579.57
2025-04-22,1756.26
2025-04-23,1795.07
2025-04-24,1769.65
2025-04-25,1784.6
2025-04-26,1820.88
2025-04-27,1791.29
2025-04-28,1799.88
2025-04-29,1797.81
2025-04-30,1793.61
2025-05-01,1838.11
2025-05-02,1842.2
2025-05-03,1833.52
2025-05-04,1808.86
2025-05-05,1820.19
2025-05-06,1817.0
2025-05-07,1811.11
2025-05-08,2207.39
2025-05-09,2345.04
2025-05-10,2583.23
2025-05-11,2514.57
2025-05-12,2495.47
2025-05-13,2679.71
2025-05-14,2609.74
2025-05-15,2548.69
2025-05-16,2537.12
2025-05-17,2475.08
2025-05-18,2497.78
2025-05-19,2528.14
2025-05-20,2524.19
2025-05-21,2550.99
2025-05-22,2664.82
2025-05-23,2526.5
2025-05-24,2530.4
2025-05-25,2551.22
2025-05-26,2563.7
2025-05-27,2660.81
2025-05-28,2681.6
2025-05-29,2631.39
2025-05-30,2531.34
2025-05-31,2528.06
2025-06-01,2539.21
2025-06-02,2607.41
2025-06-03,2593.36
2025-06-04,2607.68
2025-06-05,2414.01
2025-06-06,2476.1
2025-06-07,2524.63
2025-06-08,2509.83
2025-06-09,2680.13
2025-06-10,2816.4
2025-06-11,2771.61
2025-06-12,2642.65
2025-06-13,2579.19
2025-06-14,2530.76
2025-06-15,2547.61
2025-06-16,2544.17
2025-06-17,2509.95
2025-06-18,2525.0
2025-06-19,2521.12
2025-06-20,2406.49
2025-06-21,2295.73
2025-06-22,2227.7
2025-06-23,2411.66
2025-06-24,2448.45
2025-06-25,2418.49
2025-06-26,2415.96
2025-06-27,2423.17
2025-06-28,2435.62
2025-06-29,2500.09
2025-06-30,2485.47
2025-07-01,2405.01
2025-07-02,2570.41
2025-07-03,2591.25
2025-07-04,2508.04
2025-07-05,2516.41
2025-07-06,2570.35
2025-07-07,2542.29
2025-07-08,2615.25
2025-07-09,2768.74
2025-07-10,2951.29
2025-07-11,2958.22
2025-07-12,2943.28
2025-07-13,2972.03
2025-07-14,3013.62
2025-07-15,3137.89
2025-07-16,3371.35
2025-07-17,3476.87
2025-07-18,3546.92
2025-07-19,3592.01
2025-07-20,3756.69
2025-07-21,3762.33
2025-07-22,3746.21
2025-07-23,3628.29
2025-07-24,3706.94
2025-07-25,3724.96
2025-07-26,3741.1
2025-07-27,3872.1
2025-07-28,3799.0
2025-07-29,3793.79
2025-07-30,3810.0
2025-07-31,3698.39
2025-08-01,3488.2
2025-08-02,3393.94
2025-08-03,3496.74
2025-08-04,3720.99
2025-08-05,3612.0
2025-08-06,3683.31
2025-08-07,3910.31
2025-08-08,4009.5
2025-08-09,4260.62
2025-08-10,4250.57
2025-08-11,4223.22
2025-08-12,4590.52
2025-08-13,4749.3
2025-08-14,4546.84
2025-08-15,4439.47
2025-08-16,4421.99
2025-08-17,4472.33
2025-08-18,4312.99
2025-08-19,4075.59
2025-08-20,4336.16
2025-08-21,4225.3
2025-08-22,4832.07
2025-08-23,4778.4
2025-08-24,4780.15
2025-08-25,4376.18
2025-08-26,4600.63
2025-08-27,4506.71
2025-08-28,4511.21
2025-08-29,4360.18
2025-08-30,4373.7
2025-08-31,4391.83
2025-09-01,4314.5
2025-09-02,4326.5
2025-09-03,4450.46
2025-09-04,4297.55
2025-09-05,4307.45
2025-09-06,4273.14
2025-09-07,4306.19
2025-09-08,4306.37
2025-09-09,4310.09
2025-09-10,4349.32
2025-09-11,4458.82
2025-09-12,4712.16
2025-09-13,4666.53
2025-09-14,4604.49
2025-09-15,4523.74
2025-09-16,4501.29
2025-09-17,4590.53
2025-09-18,4587.66
2025-09-19,4468.59
2025-09-20,4480.42
2025-09-21,4444.97
2025-09-22,4199.08
2025-09-23,4164.26
2025-09-24,4152.81
2025-09-25,3874.36
2025-09-26,4032.24
2025-09-27,4018.38
2025-09-28,4142.16
2025-09-29,4215.07
2025-09-30,4145.15
2025-10-01,4348.03
2025-10-02,4484.35
2025-10-03,4512.87
2025-10-04,4487.15
2025-10-05,4514.32
2025-10-06,4684.01
2025-10-07,4447.7
2025-10-08,4525.72
2025-10-09,4368.09
2025-10-10,3829.72
2025-10-11,3746.79
2025-10-12,4152.29
2025-10-13,4240.85
2025-10-14,4125.02
2025-10-15,3985.61
2025-10-16,3894.51
2025-10-17,3831.57
2025-10-18,3889.21
2025-10-19,3982.58
2025-10-20,3979.22
2025-10-21,3873.05
2025-10-22,3805.53
2025-10-23,3856.8
2025-10-24,3934.88
2025-10-25,3953.82
2025-10-26,4158.46
2025-10-27,4120.15
2025-10-28,3979.2
2025-10-29,3902.99
2025-10-30,3805.09
2025-10-31,3847.99
2025-11-01,3873.77
2025-11-02,3906.58
2025-11-03,3603.83
2025-11-04,3287.05
2025-11-05,3424.29
2025-11-06,3315.14
2025-11-07,3436.05
2025-11-08,3401.51
2025-11-09,3583.46
2025-11-10,3567.85
2025-11-11,3417.76
2025-11-12,3414.92
2025-11-13,3231.54
2025-11-14,3112.4
2025-11-15,3167.88
2025-11-16,3095.29
2025-11-17,3031.44
2025-11-18,3123.66
2025-11-19,3025.48
2025-11-20,2834.22
2025-11-21,2765.85
2025-11-22,2770.12
2025-11-23,2802.16
2025-11-24,2953.38
2025-11-25,2959.36
2025-11-26,3026.56
2025-11-27,3015.23
2025-11-28,3031.15
2025-11-29,2989.16
2025-11-30,2991.26
2025-12-01,2799.07
2025-12-02,2996.07
2025-12-03,3188.36
2025-12-04,3133.26
2025-12-05,3021.78
2025-12-06,3038.06
2025-12-07,3059.85
2025-12-08,3124.16
2025-12-09,3318.04
2025-12-10,3324.14
2025-12-11,3237.39
2025-12-12,3084.86
2025-12-13,3114.64
2025-12-14,3063.5
2025-12-15,2964.85
2025-12-16,2962.3
2025-12-17,2833.49
2025-12-18,2828.57
2025-12-19,2979.5
2025-12-20,2977.93
2025-12-21,3002.02
2025-12-22,3009.49
2025-12-23,2965.02
2025-12-24,2947.47
2025-12-25,2903.95
2025-12-26,2927.99
2025-12-27,2949.05
2025-12-28,2950.91
2025-12-29,2937.9
2025-12-30,2973.69
2025-12-31,2971.64
2026-01-01,3004.19
2026-01-02,3125.45
2026-01-03,3105.41
2026-01-04,3144.7
2026-01-05,3224.99
2026-01-06,3296.84
2026-01-07,3168.72
2026-01-08,3106.65
2026-01-09,3088.4
2026-01-10,3086.72
2026-01-11,3123.45
2026-01-12,3095.75
2026-01-13,3325.82
2026-01-14,3354.92
2026-01-15,3318.69
2026-01-16,3296.28
2026-01-17,3310.56
2026-01-18,3284.03
2026-01-19,3189.55
2026-01-20,2939.88
2026-01-21,2982.27
2026-01-22,2952.69
2026-01-23,2956.41
2026-01-24,2953.22
2026-01-25,2816.89
2026-01-26,2930.35
2026-01-27,3026.77
2026-01-28,3010.78
2026-01-29,2822.59
2026-01-30,2707.38
2026-01-31,2646.23
2026-02-01,2270.15
2026-02-02,2351.4
2026-02-03,2233.72
2026-02-04,2148.26
2026-02-05,1826.83
2026-02-06,2063.38
2026-02-07,2087.08
2026-02-08,2089.74
2026-02-09,2105.02
2026-02-10,2022.67
2026-02-11,1941.18
2026-02-12,1947.85
2026-02-13,2048.72
2026-02-14,2051.28
2026-02-15,1966.58
2026-02-16,1998.33
2026-02-17,1991.66
2026-02-18,1955.91
2026-02-19,1949.08
2026-02-20,1968.88
2026-02-21,1973.35
2026-02-22,1957.82
2026-02-23,1856.3
2026-02-24,1851.94
2026-02-25,2057.48
2026-02-26,2027.68
2026-02-27,1929.84
2026-02-28,1919.94
2026-03-01,1939.71
2026-03-02,2027.35
2026-03-03,1982.8
2026-03-04,2127.28
2026-03-05,2072.86
2026-03-06,1978.68
2026-03-07,1969.59
2026-03-08,1937.1
2026-03-09,1992.98
2026-03-10,2036.51
2026-03-11,2051.97
2026-03-12,2073.52
2026-03-13,2092.22
2026-03-14,2096.16
2026-03-15,2178.3
2026-03-16,2352.97
2026-03-17,2317.39
2026-03-18,2203.39
2026-03-19,2137.81
2026-03-20,2146.22
2026-03-21,2084.87
2026-03-22,2053.89
2026-03-23,2152.03
2026-03-24,2156.23
2026-03-25,2169.56
2026-03-26,2060.43
2026-03-27,1992.75
2026-03-28,1994.74
2026-03-29,1984.64
2026-03-30,2026.48
2026-03-31,2105.43
2026-04-01,2140.35
2026-04-02,2057.17
2026-04-03,2053.83
2026-04-04,2057.57
